PRAGMA foreign_keys=OFF;
BEGIN TRANSACTION;
INSERT OR REPLACE INTO "automation_logs" ("id","rule_id","card_id","executed_at") VALUES ('c1fe105a-ed26-4e54-a04a-d1638a945433','656fbcbd-1945-4684-b482-7ba3e85dc7cd','f7675bfe-c5d5-4703-b6c3-4cb9005fea51','2026-05-15 04:38:32');
INSERT OR REPLACE INTO "automation_logs" ("id","rule_id","card_id","executed_at") VALUES ('607c4864-25f1-4bbd-8fb6-048068fe5e89','77bc10c9-b158-4a07-9cff-555caa225aa4','f7675bfe-c5d5-4703-b6c3-4cb9005fea51','2026-05-15 04:38:33');
INSERT OR REPLACE INTO "automation_logs" ("id","rule_id","card_id","executed_at") VALUES ('3468f159-bfb6-4335-8e09-488d9bdbbcc6','656fbcbd-1945-4684-b482-7ba3e85dc7cd','f7675bfe-c5d5-4703-b6c3-4cb9005fea51','2026-05-15 04:38:35');
INSERT OR REPLACE INTO "automation_logs" ("id","rule_id","card_id","executed_at") VALUES ('af913317-3408-4aae-b0ec-70fb2791ec20','4ad9e523-8036-4a9e-9748-46c77d21666b','f7675bfe-c5d5-4703-b6c3-4cb9005fea51','2026-05-15 04:38:36');
INSERT OR REPLACE INTO "automation_logs" ("id","rule_id","card_id","executed_at") VALUES ('9b5fe28c-8ab4-4cc3-9ed8-f66783912563','656fbcbd-1945-4684-b482-7ba3e85dc7cd','f7675bfe-c5d5-4703-b6c3-4cb9005fea51','2026-05-15 04:38:36');
INSERT OR REPLACE INTO "automation_logs" ("id","rule_id","card_id","executed_at") VALUES ('9b880baf-533e-4783-9e6a-850228e7114d','4ad9e523-8036-4a9e-9748-46c77d21666b','f7675bfe-c5d5-4703-b6c3-4cb9005fea51','2026-05-15 04:38:37');
INSERT OR REPLACE INTO "automation_logs" ("id","rule_id","card_id","executed_at") VALUES ('80294828-d70b-4d8b-bcb7-fc3b118a2771','656fbcbd-1945-4684-b482-7ba3e85dc7cd','f7675bfe-c5d5-4703-b6c3-4cb9005fea51','2026-05-15 04:38:39');
INSERT OR REPLACE INTO "automation_logs" ("id","rule_id","card_id","executed_at") VALUES ('9eaddbdb-6f25-428d-94d1-e6924ced0766','91e5e573-cbad-4fd2-b996-acdbcf4f2240','3c51e964-8194-4edd-8e5d-2bf90ad9cf86','2026-05-15 05:25:50');
INSERT OR REPLACE INTO "automation_logs" ("id","rule_id","card_id","executed_at") VALUES ('a53c2d13-d4da-41f3-b7d8-3af65c08e318','91e5e573-cbad-4fd2-b996-acdbcf4f2240','c0586d4f-d7d0-407e-bc95-8bb01d26509b','2026-05-15 05:25:50');
INSERT OR REPLACE INTO "automation_logs" ("id","rule_id","card_id","executed_at") VALUES ('5b217f90-de13-48a0-baa5-e994e65c6ed1','91e5e573-cbad-4fd2-b996-acdbcf4f2240','cda5a7fb-224e-4011-b383-102d0df978fc','2026-05-15 05:25:50');
INSERT OR REPLACE INTO "automation_logs" ("id","rule_id","card_id","executed_at") VALUES ('4d215289-8c22-4fd2-8bac-91e119bc606f','91e5e573-cbad-4fd2-b996-acdbcf4f2240','a14cbf51-1220-4e32-824e-e5cf0e4de64e','2026-05-15 05:25:50');
INSERT OR REPLACE INTO "automation_logs" ("id","rule_id","card_id","executed_at") VALUES ('323b450e-bc64-4cf7-a384-ed54331eaef3','91e5e573-cbad-4fd2-b996-acdbcf4f2240','75fcec58-787f-4882-9aaa-1123181617b0','2026-05-15 05:25:50');
INSERT OR REPLACE INTO "automation_logs" ("id","rule_id","card_id","executed_at") VALUES ('a5e6af0b-c4b3-4be6-9a73-6fb64fdd9d78','91e5e573-cbad-4fd2-b996-acdbcf4f2240','9c52e400-dd54-4fc2-92f3-7c375a7550fa','2026-05-15 05:25:50');
INSERT OR REPLACE INTO "automation_logs" ("id","rule_id","card_id","executed_at") VALUES ('84fa1515-507b-424a-9207-d681f467fe6b','91e5e573-cbad-4fd2-b996-acdbcf4f2240','b4fc154b-614e-41d3-9975-2baa2faa6854','2026-05-15 05:25:50');
INSERT OR REPLACE INTO "automation_logs" ("id","rule_id","card_id","executed_at") VALUES ('4686a56a-7f52-4793-902c-f3e0836378dc','91e5e573-cbad-4fd2-b996-acdbcf4f2240','8d8620ca-3f8b-454e-9f32-f13873ca599d','2026-05-15 05:25:50');
INSERT OR REPLACE INTO "automation_logs" ("id","rule_id","card_id","executed_at") VALUES ('35548128-1062-4daf-9074-f4a3a825b183','91e5e573-cbad-4fd2-b996-acdbcf4f2240','42259424-80db-4f2c-adae-0069ba818635','2026-05-15 05:25:50');
INSERT OR REPLACE INTO "automation_logs" ("id","rule_id","card_id","executed_at") VALUES ('6c033c9d-5a84-40d2-a8c2-db37c9e73d32','d59b7547-7a29-4f85-a76b-bf2369758083','19b4eb07-60eb-4135-afc8-79bc272680f3','2026-05-15 05:25:50');
INSERT OR REPLACE INTO "automation_logs" ("id","rule_id","card_id","executed_at") VALUES ('9cc5f3de-8fdb-4d42-ab62-73555ecfdad9','d59b7547-7a29-4f85-a76b-bf2369758083','15108389-2cb8-46a8-a690-855f825c0f82','2026-05-15 05:25:50');
INSERT OR REPLACE INTO "automation_logs" ("id","rule_id","card_id","executed_at") VALUES ('91c5b454-2721-432d-afa6-9ca21840595e','d59b7547-7a29-4f85-a76b-bf2369758083','6fd3a210-b83a-433f-8d68-a6a5331779d2','2026-05-15 05:25:50');
INSERT OR REPLACE INTO "automation_logs" ("id","rule_id","card_id","executed_at") VALUES ('b1bd573e-95f2-4398-b807-f28037398bc3','d59b7547-7a29-4f85-a76b-bf2369758083','8fa684b9-1fb1-4328-b94f-1cd9e7a5cec3','2026-05-15 05:25:50');
INSERT OR REPLACE INTO "automation_logs" ("id","rule_id","card_id","executed_at") VALUES ('10551962-6733-4e39-b76e-24193a09f493','d59b7547-7a29-4f85-a76b-bf2369758083','f7879988-43cb-4fc0-a8fa-5ead4fb704a7','2026-05-15 05:25:50');
INSERT OR REPLACE INTO "automation_logs" ("id","rule_id","card_id","executed_at") VALUES ('611f9ccf-63b7-4b16-bc7a-48df61751c58','d59b7547-7a29-4f85-a76b-bf2369758083','ad8f962d-bf27-44e8-9908-fb1b0003852c','2026-05-15 05:25:50');
INSERT OR REPLACE INTO "automation_logs" ("id","rule_id","card_id","executed_at") VALUES ('33be0d17-2b9a-47af-98c1-6fb946c9bb53','15e3f03b-2e5c-43ee-be4b-1c5ed0e909fc','10761d5f-cac9-459f-8a64-109b6cc1c870','2026-05-15 10:17:53');
INSERT OR REPLACE INTO "automation_logs" ("id","rule_id","card_id","executed_at") VALUES ('a8ae8242-56d9-4f28-a96e-a0cdac4a70f1','6417702d-fc13-4dcf-8b79-086bb9c7af06','10761d5f-cac9-459f-8a64-109b6cc1c870','2026-05-15 10:17:53');
INSERT OR REPLACE INTO "automation_logs" ("id","rule_id","card_id","executed_at") VALUES ('7b8a7505-cf1d-4105-9e15-d9098accb771','15e3f03b-2e5c-43ee-be4b-1c5ed0e909fc','364a453e-c1e2-44e0-a842-fa661b7aa151','2026-05-15 10:19:52');
INSERT OR REPLACE INTO "automation_logs" ("id","rule_id","card_id","executed_at") VALUES ('2d89d48e-8902-44e4-8776-d601e63660b0','6417702d-fc13-4dcf-8b79-086bb9c7af06','364a453e-c1e2-44e0-a842-fa661b7aa151','2026-05-15 10:19:52');
INSERT OR REPLACE INTO "automation_logs" ("id","rule_id","card_id","executed_at") VALUES ('3b22d53d-86b3-456c-8e4f-6063ac120265','6d13d865-898b-424a-bc3c-5e9f66abea33','7931bb73-d12b-44a9-ad8c-039b88b9b889','2026-05-16 01:57:58');
INSERT OR REPLACE INTO "automation_logs" ("id","rule_id","card_id","executed_at") VALUES ('dd0a06c6-70ab-47cb-b338-30eac17585ea','28914d69-06dc-460b-bae1-ecdfecc08d60','95705852-2501-4f11-ac5e-e23383d6db03','2026-05-18 05:27:53');
INSERT OR REPLACE INTO "automation_logs" ("id","rule_id","card_id","executed_at") VALUES ('bd4f1bce-dc3f-4517-81c9-23970b9bf83d','28914d69-06dc-460b-bae1-ecdfecc08d60','cda5a7fb-224e-4011-b383-102d0df978fc','2026-05-18 05:27:53');
INSERT OR REPLACE INTO "automation_logs" ("id","rule_id","card_id","executed_at") VALUES ('3dcc36b9-82ae-44a9-a002-a7cb7434a2fc','28914d69-06dc-460b-bae1-ecdfecc08d60','9c52e400-dd54-4fc2-92f3-7c375a7550fa','2026-05-18 05:27:53');
INSERT OR REPLACE INTO "automation_logs" ("id","rule_id","card_id","executed_at") VALUES ('09995995-837b-4cdf-9a19-3f2691c470cc','6d13d865-898b-424a-bc3c-5e9f66abea33','15108389-2cb8-46a8-a690-855f825c0f82','2026-05-18 05:27:53');
INSERT OR REPLACE INTO "automation_logs" ("id","rule_id","card_id","executed_at") VALUES ('92dbac99-5865-40c5-b965-6dac8c118f0f','6d13d865-898b-424a-bc3c-5e9f66abea33','7931bb73-d12b-44a9-ad8c-039b88b9b889','2026-05-18 05:27:53');
INSERT OR REPLACE INTO "automation_logs" ("id","rule_id","card_id","executed_at") VALUES ('6fc5995d-ee13-4d5f-bb1d-22c64a24b41c','91e5e573-cbad-4fd2-b996-acdbcf4f2240','3c51e964-8194-4edd-8e5d-2bf90ad9cf86','2026-05-18 05:27:53');
INSERT OR REPLACE INTO "automation_logs" ("id","rule_id","card_id","executed_at") VALUES ('8fc89298-a034-408e-ad07-c5526a333fa1','91e5e573-cbad-4fd2-b996-acdbcf4f2240','c0586d4f-d7d0-407e-bc95-8bb01d26509b','2026-05-18 05:27:53');
INSERT OR REPLACE INTO "automation_logs" ("id","rule_id","card_id","executed_at") VALUES ('8e2b60e5-048c-4e9c-8bf3-9fe9d5cd0908','91e5e573-cbad-4fd2-b996-acdbcf4f2240','a14cbf51-1220-4e32-824e-e5cf0e4de64e','2026-05-18 05:27:53');
INSERT OR REPLACE INTO "automation_logs" ("id","rule_id","card_id","executed_at") VALUES ('3142d1d1-bd61-4b6d-98a0-6db3d6e88291','91e5e573-cbad-4fd2-b996-acdbcf4f2240','75fcec58-787f-4882-9aaa-1123181617b0','2026-05-18 05:27:53');
INSERT OR REPLACE INTO "automation_logs" ("id","rule_id","card_id","executed_at") VALUES ('29d0cfbd-281f-4f46-a9e6-7177a0cff676','91e5e573-cbad-4fd2-b996-acdbcf4f2240','b4fc154b-614e-41d3-9975-2baa2faa6854','2026-05-18 05:27:53');
INSERT OR REPLACE INTO "automation_logs" ("id","rule_id","card_id","executed_at") VALUES ('51c3ed1b-e53d-45d9-b275-9f4c7c39ef59','91e5e573-cbad-4fd2-b996-acdbcf4f2240','8d8620ca-3f8b-454e-9f32-f13873ca599d','2026-05-18 05:27:53');
INSERT OR REPLACE INTO "automation_logs" ("id","rule_id","card_id","executed_at") VALUES ('979ceca1-ecd9-4f86-96fc-015c4fe83acc','91e5e573-cbad-4fd2-b996-acdbcf4f2240','42259424-80db-4f2c-adae-0069ba818635','2026-05-18 05:27:53');
INSERT OR REPLACE INTO "automation_logs" ("id","rule_id","card_id","executed_at") VALUES ('7de24b91-90e1-4af2-bdd8-0f3c7ed0d79f','d59b7547-7a29-4f85-a76b-bf2369758083','403ae569-6599-4d56-b435-286d367402bd','2026-05-18 05:27:53');
INSERT OR REPLACE INTO "automation_logs" ("id","rule_id","card_id","executed_at") VALUES ('0b9dbd48-65e5-4f6b-ba3e-83a3ef7e6826','d59b7547-7a29-4f85-a76b-bf2369758083','027b3de8-9939-44c9-857f-8e1570baa43c','2026-05-18 05:27:53');
INSERT OR REPLACE INTO "automation_rules" ("id","board_id","name","trigger_type","trigger_config","action_type","action_config","is_active","created_by","created_at") VALUES ('77bc10c9-b158-4a07-9cff-555caa225aa4','8a97bc0e-5941-424c-a5fc-c6e3b71076f0','Auto-schedule when work starts','card_moved','{"to_column_id":"7edd7475-aecd-4108-b162-1e7c3dc404c7","from_column_id":"any"}','set_due_date','{"days_from_now":5}',1,'575c1ffb-58ee-4b94-b745-184ad1a1964a','2026-05-15 04:35:56');
INSERT OR REPLACE INTO "automation_rules" ("id","board_id","name","trigger_type","trigger_config","action_type","action_config","is_active","created_by","created_at") VALUES ('a18de805-aa2c-4ba2-a460-eef1e7858bf5','8a97bc0e-5941-424c-a5fc-c6e3b71076f0','Flag overdue cards as Urgent','due_date_passed','{}','set_priority','{"priority":"urgent"}',1,'575c1ffb-58ee-4b94-b745-184ad1a1964a','2026-05-15 04:35:56');
INSERT OR REPLACE INTO "automation_rules" ("id","board_id","name","trigger_type","trigger_config","action_type","action_config","is_active","created_by","created_at") VALUES ('4ad9e523-8036-4a9e-9748-46c77d21666b','8a97bc0e-5941-424c-a5fc-c6e3b71076f0','Clear priority when Done','card_moved','{"to_column_id":"e19095cf-85c5-4a17-a6c7-437f51a9377a","from_column_id":"any"}','set_priority','{"priority":"none"}',1,'575c1ffb-58ee-4b94-b745-184ad1a1964a','2026-05-15 04:35:56');
INSERT OR REPLACE INTO "automation_rules" ("id","board_id","name","trigger_type","trigger_config","action_type","action_config","is_active","created_by","created_at") VALUES ('497d3f12-afea-4a93-993f-fb12d739e532','8a97bc0e-5941-424c-a5fc-c6e3b71076f0','Escalate stale tickets','card_idle','{"days":4}','set_priority','{"priority":"high"}',1,'575c1ffb-58ee-4b94-b745-184ad1a1964a','2026-05-15 04:35:56');
INSERT OR REPLACE INTO "automation_rules" ("id","board_id","name","trigger_type","trigger_config","action_type","action_config","is_active","created_by","created_at") VALUES ('429dfc48-3dae-4df5-82b0-99e73aded2d7','8a97bc0e-5941-424c-a5fc-c6e3b71076f0','Label new work','card_created','{"in_column_id":"5563207c-1a98-4f37-9c18-6f0dca23a110"}','add_label','{"name":"New","color":"#6366f1"}',1,'575c1ffb-58ee-4b94-b745-184ad1a1964a','2026-05-15 04:35:56');
INSERT OR REPLACE INTO "automation_rules" ("id","board_id","name","trigger_type","trigger_config","action_type","action_config","is_active","created_by","created_at") VALUES ('1dfeeb51-b702-4aa6-8b86-b82aea1c1eaa','8a97bc0e-5941-424c-a5fc-c6e3b71076f0','Move urgent cards to In Progress','priority_changed','{"to_priority":"urgent"}','move_to_column','{"column_id":"7edd7475-aecd-4108-b162-1e7c3dc404c7"}',1,'575c1ffb-58ee-4b94-b745-184ad1a1964a','2026-05-15 04:35:56');
INSERT OR REPLACE INTO "automation_rules" ("id","board_id","name","trigger_type","trigger_config","action_type","action_config","is_active","created_by","created_at") VALUES ('656fbcbd-1945-4684-b482-7ba3e85dc7cd','8a97bc0e-5941-424c-a5fc-c6e3b71076f0','Tag cards under review','card_moved','{"to_column_id":"2985e301-0b8a-4279-84f9-d1adc4b52b84","from_column_id":"any"}','add_label','{"name":"Needs Review","color":"#f97316"}',1,'575c1ffb-58ee-4b94-b745-184ad1a1964a','2026-05-15 04:35:56');
INSERT OR REPLACE INTO "automation_rules" ("id","board_id","name","trigger_type","trigger_config","action_type","action_config","is_active","created_by","created_at") VALUES ('15e3f03b-2e5c-43ee-be4b-1c5ed0e909fc','466695e0-0526-4c82-b2ef-fff23ec5c831','Follow up window on new lead','card_created','{"in_column_id":"108c9420-e7a3-4439-8446-470ab63d0da3"}','set_due_date','{"days_from_now":2}',1,'575c1ffb-58ee-4b94-b745-184ad1a1964a','2026-05-15 04:39:34');
INSERT OR REPLACE INTO "automation_rules" ("id","board_id","name","trigger_type","trigger_config","action_type","action_config","is_active","created_by","created_at") VALUES ('6417702d-fc13-4dcf-8b79-086bb9c7af06','466695e0-0526-4c82-b2ef-fff23ec5c831','Label lead as New','card_created','{"in_column_id":"108c9420-e7a3-4439-8446-470ab63d0da3"}','add_label','{"name":"New Lead","color":"#6366f1"}',1,'575c1ffb-58ee-4b94-b745-184ad1a1964a','2026-05-15 04:39:34');
INSERT OR REPLACE INTO "automation_rules" ("id","board_id","name","trigger_type","trigger_config","action_type","action_config","is_active","created_by","created_at") VALUES ('91e5e573-cbad-4fd2-b996-acdbcf4f2240','466695e0-0526-4c82-b2ef-fff23ec5c831','Escalate stale leads','card_idle','{"days":3}','set_priority','{"priority":"high"}',1,'575c1ffb-58ee-4b94-b745-184ad1a1964a','2026-05-15 04:39:34');
INSERT OR REPLACE INTO "automation_rules" ("id","board_id","name","trigger_type","trigger_config","action_type","action_config","is_active","created_by","created_at") VALUES ('c03d57d0-78a4-404c-9114-ae86bacfe8ab','466695e0-0526-4c82-b2ef-fff23ec5c831','Set follow-up deadline after proposal','card_moved','{"to_column_id":"3ec57d2b-5bac-4153-a329-231fb89575dc","from_column_id":"any"}','set_due_date','{"days_from_now":5}',1,'575c1ffb-58ee-4b94-b745-184ad1a1964a','2026-05-15 04:39:34');
INSERT OR REPLACE INTO "automation_rules" ("id","board_id","name","trigger_type","trigger_config","action_type","action_config","is_active","created_by","created_at") VALUES ('28914d69-06dc-460b-bae1-ecdfecc08d60','466695e0-0526-4c82-b2ef-fff23ec5c831','Flag overdue proposals as Urgent','due_date_passed','{}','set_priority','{"priority":"urgent"}',1,'575c1ffb-58ee-4b94-b745-184ad1a1964a','2026-05-15 04:39:34');
INSERT OR REPLACE INTO "automation_rules" ("id","board_id","name","trigger_type","trigger_config","action_type","action_config","is_active","created_by","created_at") VALUES ('209d845a-bceb-4e96-97f9-8109f47e4d63','466695e0-0526-4c82-b2ef-fff23ec5c831','Move urgent deals to Negotiation','priority_changed','{"to_priority":"urgent"}','move_to_column','{"column_id":"1386318c-541d-479b-b375-2cc89453d319"}',1,'575c1ffb-58ee-4b94-b745-184ad1a1964a','2026-05-15 04:39:34');
INSERT OR REPLACE INTO "automation_rules" ("id","board_id","name","trigger_type","trigger_config","action_type","action_config","is_active","created_by","created_at") VALUES ('1135adde-29aa-4dfe-b967-d16d99ca19bc','466695e0-0526-4c82-b2ef-fff23ec5c831','🔀 Handoff to Ops on Won deal','card_moved','{"to_column_id":"d70bcc62-0c13-4d21-9dab-b13e58586d5d","from_column_id":"any"}','create_card_in_board','{"board_id":"c8748a2d-fc62-4313-9b29-7d59ce48a56b","column_id":"d9e1ee2e-b44a-4224-9b36-36f8308c69e9"}',1,'575c1ffb-58ee-4b94-b745-184ad1a1964a','2026-05-15 04:39:34');
INSERT OR REPLACE INTO "automation_rules" ("id","board_id","name","trigger_type","trigger_config","action_type","action_config","is_active","created_by","created_at") VALUES ('a2506f62-7b3e-438c-98f7-fe29d92b101c','466695e0-0526-4c82-b2ef-fff23ec5c831','Clear priority on Won','card_moved','{"to_column_id":"d70bcc62-0c13-4d21-9dab-b13e58586d5d","from_column_id":"any"}','set_priority','{"priority":"none"}',1,'575c1ffb-58ee-4b94-b745-184ad1a1964a','2026-05-15 04:39:34');
INSERT OR REPLACE INTO "automation_rules" ("id","board_id","name","trigger_type","trigger_config","action_type","action_config","is_active","created_by","created_at") VALUES ('9cf0818c-502c-4185-805d-95870d2ba2c0','466695e0-0526-4c82-b2ef-fff23ec5c831','Label lost deals','card_moved','{"to_column_id":"a080c925-0ae9-4636-b5d5-405f535710d2","from_column_id":"any"}','add_label','{"name":"Lost","color":"#ef4444"}',1,'575c1ffb-58ee-4b94-b745-184ad1a1964a','2026-05-15 04:39:34');
INSERT OR REPLACE INTO "automation_rules" ("id","board_id","name","trigger_type","trigger_config","action_type","action_config","is_active","created_by","created_at") VALUES ('2a9868ad-7085-4d54-b871-1cfd493ef8c5','c8748a2d-fc62-4313-9b29-7d59ce48a56b','Schedule delivery window on new order','card_created','{"in_column_id":"d9e1ee2e-b44a-4224-9b36-36f8308c69e9"}','set_due_date','{"days_from_now":7}',1,'575c1ffb-58ee-4b94-b745-184ad1a1964a','2026-05-15 04:39:34');
INSERT OR REPLACE INTO "automation_rules" ("id","board_id","name","trigger_type","trigger_config","action_type","action_config","is_active","created_by","created_at") VALUES ('70488416-08e2-4342-b5de-a856674593ab','c8748a2d-fc62-4313-9b29-7d59ce48a56b','Label incoming orders','card_created','{"in_column_id":"d9e1ee2e-b44a-4224-9b36-36f8308c69e9"}','add_label','{"name":"Incoming","color":"#6366f1"}',1,'575c1ffb-58ee-4b94-b745-184ad1a1964a','2026-05-15 04:39:34');
INSERT OR REPLACE INTO "automation_rules" ("id","board_id","name","trigger_type","trigger_config","action_type","action_config","is_active","created_by","created_at") VALUES ('aa3757f9-3b67-44e8-bdc3-dc9d08c3d2e4','c8748a2d-fc62-4313-9b29-7d59ce48a56b','Tag cards under QA review','card_moved','{"to_column_id":"af51201d-f1fe-475c-975c-c3bdc148948a","from_column_id":"any"}','add_label','{"name":"In Review","color":"#f97316"}',1,'575c1ffb-58ee-4b94-b745-184ad1a1964a','2026-05-15 04:39:34');
INSERT OR REPLACE INTO "automation_rules" ("id","board_id","name","trigger_type","trigger_config","action_type","action_config","is_active","created_by","created_at") VALUES ('6d13d865-898b-424a-bc3c-5e9f66abea33','c8748a2d-fc62-4313-9b29-7d59ce48a56b','Flag overdue deliveries as Urgent','due_date_passed','{}','set_priority','{"priority":"urgent"}',1,'575c1ffb-58ee-4b94-b745-184ad1a1964a','2026-05-15 04:39:34');
INSERT OR REPLACE INTO "automation_rules" ("id","board_id","name","trigger_type","trigger_config","action_type","action_config","is_active","created_by","created_at") VALUES ('d59b7547-7a29-4f85-a76b-bf2369758083','c8748a2d-fc62-4313-9b29-7d59ce48a56b','Escalate stale ops tickets','card_idle','{"days":4}','set_priority','{"priority":"high"}',1,'575c1ffb-58ee-4b94-b745-184ad1a1964a','2026-05-15 04:39:34');
INSERT OR REPLACE INTO "automation_rules" ("id","board_id","name","trigger_type","trigger_config","action_type","action_config","is_active","created_by","created_at") VALUES ('acc2987e-6c9d-42b0-8cbe-87dc02a0bc00','c8748a2d-fc62-4313-9b29-7d59ce48a56b','Label delivered orders','card_moved','{"to_column_id":"e118fa18-5c1f-407d-b984-a012ef8cd2c6","from_column_id":"any"}','add_label','{"name":"Delivered","color":"#22c55e"}',1,'575c1ffb-58ee-4b94-b745-184ad1a1964a','2026-05-15 04:39:34');
INSERT OR REPLACE INTO "automation_rules" ("id","board_id","name","trigger_type","trigger_config","action_type","action_config","is_active","created_by","created_at") VALUES ('fd6811ab-7c20-45bb-aa07-aaff1bdbdf44','c8748a2d-fc62-4313-9b29-7d59ce48a56b','Clear priority on invoice sent','card_moved','{"to_column_id":"9f66e5b4-a18d-489e-9d93-4154d54df5ea","from_column_id":"any"}','set_priority','{"priority":"none"}',1,'575c1ffb-58ee-4b94-b745-184ad1a1964a','2026-05-15 04:39:34');
INSERT OR REPLACE INTO "automation_rules" ("id","board_id","name","trigger_type","trigger_config","action_type","action_config","is_active","created_by","created_at") VALUES ('57b9d9dd-35f1-4496-b314-aa8aa55196e8','c8748a2d-fc62-4313-9b29-7d59ce48a56b','Label invoiced orders','card_moved','{"to_column_id":"9f66e5b4-a18d-489e-9d93-4154d54df5ea","from_column_id":"any"}','add_label','{"name":"Invoiced","color":"#94a3b8"}',1,'575c1ffb-58ee-4b94-b745-184ad1a1964a','2026-05-15 04:39:34');
INSERT OR REPLACE INTO "board_invites" ("token","board_id","role","created_by","expires_at","used","invited_email","inviter_name") VALUES ('8e80eb30-a803-410c-8300-2ea1cf792776','466695e0-0526-4c82-b2ef-fff23ec5c831','admin','575c1ffb-58ee-4b94-b745-184ad1a1964a','2026-05-25T06:01:25.009Z',0,NULL,NULL);
INSERT OR REPLACE INTO "board_members" ("board_id","user_id","role") VALUES ('8a97bc0e-5941-424c-a5fc-c6e3b71076f0','575c1ffb-58ee-4b94-b745-184ad1a1964a','owner');
INSERT OR REPLACE INTO "board_members" ("board_id","user_id","role") VALUES ('466695e0-0526-4c82-b2ef-fff23ec5c831','575c1ffb-58ee-4b94-b745-184ad1a1964a','owner');
INSERT OR REPLACE INTO "board_members" ("board_id","user_id","role") VALUES ('c8748a2d-fc62-4313-9b29-7d59ce48a56b','575c1ffb-58ee-4b94-b745-184ad1a1964a','owner');
INSERT OR REPLACE INTO "board_members" ("board_id","user_id","role") VALUES ('466695e0-0526-4c82-b2ef-fff23ec5c831','10b6b768-3c4b-4e5b-ae7e-3d2bb7c92799','member');
INSERT OR REPLACE INTO "board_members" ("board_id","user_id","role") VALUES ('466695e0-0526-4c82-b2ef-fff23ec5c831','bdf76427-6922-4fbe-95d5-54f5239bf4bb','member');
INSERT OR REPLACE INTO "board_members" ("board_id","user_id","role") VALUES ('466695e0-0526-4c82-b2ef-fff23ec5c831','884cbad3-dd35-4985-a68e-26addfabc134','member');
INSERT OR REPLACE INTO "board_members" ("board_id","user_id","role") VALUES ('c8748a2d-fc62-4313-9b29-7d59ce48a56b','6c377056-468d-4c3b-b418-8243244ee770','member');
INSERT OR REPLACE INTO "board_members" ("board_id","user_id","role") VALUES ('c8748a2d-fc62-4313-9b29-7d59ce48a56b','884cbad3-dd35-4985-a68e-26addfabc134','member');
INSERT OR REPLACE INTO "board_members" ("board_id","user_id","role") VALUES ('40a9b949-a371-4dcd-819f-4c14da9f41ed','884cbad3-dd35-4985-a68e-26addfabc134','owner');
INSERT OR REPLACE INTO "board_members" ("board_id","user_id","role") VALUES ('40a9b949-a371-4dcd-819f-4c14da9f41ed','6c377056-468d-4c3b-b418-8243244ee770','member');
INSERT OR REPLACE INTO "board_members" ("board_id","user_id","role") VALUES ('40a9b949-a371-4dcd-819f-4c14da9f41ed','10b6b768-3c4b-4e5b-ae7e-3d2bb7c92799','member');
INSERT OR REPLACE INTO "board_members" ("board_id","user_id","role") VALUES ('40a9b949-a371-4dcd-819f-4c14da9f41ed','bdf76427-6922-4fbe-95d5-54f5239bf4bb','member');
INSERT OR REPLACE INTO "boards" ("id","title","description","background","created_by","created_at") VALUES ('8a97bc0e-5941-424c-a5fc-c6e3b71076f0','test','','gradient-1','575c1ffb-58ee-4b94-b745-184ad1a1964a','2026-05-14 12:08:59');
INSERT OR REPLACE INTO "boards" ("id","title","description","background","created_by","created_at") VALUES ('466695e0-0526-4c82-b2ef-fff23ec5c831','Sales Pipeline',NULL,'gradient-4','575c1ffb-58ee-4b94-b745-184ad1a1964a','2026-05-15 04:39:34');
INSERT OR REPLACE INTO "boards" ("id","title","description","background","created_by","created_at") VALUES ('c8748a2d-fc62-4313-9b29-7d59ce48a56b','Ops Pipeline','Fulfillment and delivery after a deal is closed','gradient-6','575c1ffb-58ee-4b94-b745-184ad1a1964a','2026-05-15 04:39:34');
INSERT OR REPLACE INTO "boards" ("id","title","description","background","created_by","created_at") VALUES ('40a9b949-a371-4dcd-819f-4c14da9f41ed','Product Backlog','Engineering tasks, bugs, and feature work','gradient-2','884cbad3-dd35-4985-a68e-26addfabc134','2026-05-15 05:25:34');
INSERT OR REPLACE INTO "card_activities" ("id","card_id","user_id","type","data","created_at") VALUES ('6eb6aefb-e142-4a7b-8146-408981fd03dd','9c56e862-3e48-4294-883c-78b7824c6857','10b6b768-3c4b-4e5b-ae7e-3d2bb7c92799','commented','{"preview":"Test comment"}','2026-05-15 10:20:58');
INSERT OR REPLACE INTO "card_activities" ("id","card_id","user_id","type","data","created_at") VALUES ('bc9a5685-6da7-4691-ad2a-7c911b62df8a','9c56e862-3e48-4294-883c-78b7824c6857','575c1ffb-58ee-4b94-b745-184ad1a1964a','assignees_changed','{"added":["10b6b768-3c4b-4e5b-ae7e-3d2bb7c92799"],"removed":[]}','2026-05-15 10:21:19');
INSERT OR REPLACE INTO "card_activities" ("id","card_id","user_id","type","data","created_at") VALUES ('3595a783-97ec-4424-bde7-500d543f7980','9c56e862-3e48-4294-883c-78b7824c6857','10b6b768-3c4b-4e5b-ae7e-3d2bb7c92799','moved','{"from":"New Lead","to":"Qualified"}','2026-05-15 10:21:19');
INSERT OR REPLACE INTO "card_activities" ("id","card_id","user_id","type","data","created_at") VALUES ('830453e7-cff0-4049-ab7f-cf6e01618194','9c56e862-3e48-4294-883c-78b7824c6857','575c1ffb-58ee-4b94-b745-184ad1a1964a','moved','{"from":"Qualified","to":"New Lead"}','2026-05-15 10:21:19');
INSERT OR REPLACE INTO "card_activities" ("id","card_id","user_id","type","data","created_at") VALUES ('e696c4fe-1ba8-48ed-a18f-d5dfd689056f','9c56e862-3e48-4294-883c-78b7824c6857','575c1ffb-58ee-4b94-b745-184ad1a1964a','assignees_changed','{"added":[],"removed":["10b6b768-3c4b-4e5b-ae7e-3d2bb7c92799"]}','2026-05-15 10:21:19');
INSERT OR REPLACE INTO "card_activities" ("id","card_id","user_id","type","data","created_at") VALUES ('b13003d3-5930-4ce3-a45b-f7fe4ba0c9f6','9c56e862-3e48-4294-883c-78b7824c6857','10b6b768-3c4b-4e5b-ae7e-3d2bb7c92799','commented','{"preview":"Test comment"}','2026-05-15 10:21:19');
INSERT OR REPLACE INTO "card_activities" ("id","card_id","user_id","type","data","created_at") VALUES ('d52fc324-d6ca-446e-a00e-ab40a261c90a','3c51e964-8194-4edd-8e5d-2bf90ad9cf86','bdf76427-6922-4fbe-95d5-54f5239bf4bb','moved','{"from":"New Lead","to":"Qualified"}','2026-05-15 10:22:40');
INSERT OR REPLACE INTO "card_activities" ("id","card_id","user_id","type","data","created_at") VALUES ('1138e191-f151-410b-b3fb-2538d8ea4fb1','3c51e964-8194-4edd-8e5d-2bf90ad9cf86','bdf76427-6922-4fbe-95d5-54f5239bf4bb','moved','{"from":"Qualified","to":"New Lead"}','2026-05-15 10:22:42');
INSERT OR REPLACE INTO "card_assignees" ("card_id","user_id") VALUES ('95705852-2501-4f11-ac5e-e23383d6db03','bdf76427-6922-4fbe-95d5-54f5239bf4bb');
INSERT OR REPLACE INTO "card_assignees" ("card_id","user_id") VALUES ('3c51e964-8194-4edd-8e5d-2bf90ad9cf86','bdf76427-6922-4fbe-95d5-54f5239bf4bb');
INSERT OR REPLACE INTO "card_assignees" ("card_id","user_id") VALUES ('3c51e964-8194-4edd-8e5d-2bf90ad9cf86','6c377056-468d-4c3b-b418-8243244ee770');
INSERT OR REPLACE INTO "card_assignees" ("card_id","user_id") VALUES ('c0586d4f-d7d0-407e-bc95-8bb01d26509b','6c377056-468d-4c3b-b418-8243244ee770');
INSERT OR REPLACE INTO "card_assignees" ("card_id","user_id") VALUES ('c0586d4f-d7d0-407e-bc95-8bb01d26509b','884cbad3-dd35-4985-a68e-26addfabc134');
INSERT OR REPLACE INTO "card_assignees" ("card_id","user_id") VALUES ('cda5a7fb-224e-4011-b383-102d0df978fc','6c377056-468d-4c3b-b418-8243244ee770');
INSERT OR REPLACE INTO "card_assignees" ("card_id","user_id") VALUES ('cda5a7fb-224e-4011-b383-102d0df978fc','10b6b768-3c4b-4e5b-ae7e-3d2bb7c92799');
INSERT OR REPLACE INTO "card_assignees" ("card_id","user_id") VALUES ('a14cbf51-1220-4e32-824e-e5cf0e4de64e','6c377056-468d-4c3b-b418-8243244ee770');
INSERT OR REPLACE INTO "card_assignees" ("card_id","user_id") VALUES ('75fcec58-787f-4882-9aaa-1123181617b0','6c377056-468d-4c3b-b418-8243244ee770');
INSERT OR REPLACE INTO "card_assignees" ("card_id","user_id") VALUES ('75fcec58-787f-4882-9aaa-1123181617b0','bdf76427-6922-4fbe-95d5-54f5239bf4bb');
INSERT OR REPLACE INTO "card_assignees" ("card_id","user_id") VALUES ('9c52e400-dd54-4fc2-92f3-7c375a7550fa','6c377056-468d-4c3b-b418-8243244ee770');
INSERT OR REPLACE INTO "card_assignees" ("card_id","user_id") VALUES ('9c52e400-dd54-4fc2-92f3-7c375a7550fa','10b6b768-3c4b-4e5b-ae7e-3d2bb7c92799');
INSERT OR REPLACE INTO "card_assignees" ("card_id","user_id") VALUES ('b4fc154b-614e-41d3-9975-2baa2faa6854','6c377056-468d-4c3b-b418-8243244ee770');
INSERT OR REPLACE INTO "card_assignees" ("card_id","user_id") VALUES ('8d8620ca-3f8b-454e-9f32-f13873ca599d','bdf76427-6922-4fbe-95d5-54f5239bf4bb');
INSERT OR REPLACE INTO "card_assignees" ("card_id","user_id") VALUES ('403ae569-6599-4d56-b435-286d367402bd','884cbad3-dd35-4985-a68e-26addfabc134');
INSERT OR REPLACE INTO "card_assignees" ("card_id","user_id") VALUES ('403ae569-6599-4d56-b435-286d367402bd','10b6b768-3c4b-4e5b-ae7e-3d2bb7c92799');
INSERT OR REPLACE INTO "card_assignees" ("card_id","user_id") VALUES ('1b622fdf-2094-421f-837d-209543aef763','10b6b768-3c4b-4e5b-ae7e-3d2bb7c92799');
INSERT OR REPLACE INTO "card_assignees" ("card_id","user_id") VALUES ('027b3de8-9939-44c9-857f-8e1570baa43c','884cbad3-dd35-4985-a68e-26addfabc134');
INSERT OR REPLACE INTO "card_assignees" ("card_id","user_id") VALUES ('027b3de8-9939-44c9-857f-8e1570baa43c','10b6b768-3c4b-4e5b-ae7e-3d2bb7c92799');
INSERT OR REPLACE INTO "card_assignees" ("card_id","user_id") VALUES ('19b4eb07-60eb-4135-afc8-79bc272680f3','884cbad3-dd35-4985-a68e-26addfabc134');
INSERT OR REPLACE INTO "card_assignees" ("card_id","user_id") VALUES ('15108389-2cb8-46a8-a690-855f825c0f82','10b6b768-3c4b-4e5b-ae7e-3d2bb7c92799');
INSERT OR REPLACE INTO "card_assignees" ("card_id","user_id") VALUES ('15108389-2cb8-46a8-a690-855f825c0f82','884cbad3-dd35-4985-a68e-26addfabc134');
INSERT OR REPLACE INTO "card_assignees" ("card_id","user_id") VALUES ('7931bb73-d12b-44a9-ad8c-039b88b9b889','884cbad3-dd35-4985-a68e-26addfabc134');
INSERT OR REPLACE INTO "card_assignees" ("card_id","user_id") VALUES ('6fd3a210-b83a-433f-8d68-a6a5331779d2','10b6b768-3c4b-4e5b-ae7e-3d2bb7c92799');
INSERT OR REPLACE INTO "card_assignees" ("card_id","user_id") VALUES ('8fa684b9-1fb1-4328-b94f-1cd9e7a5cec3','10b6b768-3c4b-4e5b-ae7e-3d2bb7c92799');
INSERT OR REPLACE INTO "card_assignees" ("card_id","user_id") VALUES ('8fa684b9-1fb1-4328-b94f-1cd9e7a5cec3','884cbad3-dd35-4985-a68e-26addfabc134');
INSERT OR REPLACE INTO "card_assignees" ("card_id","user_id") VALUES ('f7879988-43cb-4fc0-a8fa-5ead4fb704a7','884cbad3-dd35-4985-a68e-26addfabc134');
INSERT OR REPLACE INTO "card_assignees" ("card_id","user_id") VALUES ('ad8f962d-bf27-44e8-9908-fb1b0003852c','10b6b768-3c4b-4e5b-ae7e-3d2bb7c92799');
INSERT OR REPLACE INTO "card_assignees" ("card_id","user_id") VALUES ('68c967d5-fbac-42bc-9ecd-c1d5faf68e06','884cbad3-dd35-4985-a68e-26addfabc134');
INSERT OR REPLACE INTO "card_assignees" ("card_id","user_id") VALUES ('6ff60ed2-b28f-4daa-ba61-4256e9e1f3fe','884cbad3-dd35-4985-a68e-26addfabc134');
INSERT OR REPLACE INTO "card_assignees" ("card_id","user_id") VALUES ('6ff60ed2-b28f-4daa-ba61-4256e9e1f3fe','10b6b768-3c4b-4e5b-ae7e-3d2bb7c92799');
INSERT OR REPLACE INTO "card_assignees" ("card_id","user_id") VALUES ('d2ea742c-462f-4343-9261-fffa512155e7','884cbad3-dd35-4985-a68e-26addfabc134');
INSERT OR REPLACE INTO "card_assignees" ("card_id","user_id") VALUES ('1f14fdd9-94e9-4cfd-83d9-83e694c093eb','884cbad3-dd35-4985-a68e-26addfabc134');
INSERT OR REPLACE INTO "card_assignees" ("card_id","user_id") VALUES ('8702963e-04df-4ce8-8d75-1952739a87cb','884cbad3-dd35-4985-a68e-26addfabc134');
INSERT OR REPLACE INTO "card_assignees" ("card_id","user_id") VALUES ('9a02485c-0e2c-4fb4-8ed1-2a81a7ae59ae','884cbad3-dd35-4985-a68e-26addfabc134');
INSERT OR REPLACE INTO "card_assignees" ("card_id","user_id") VALUES ('9a02485c-0e2c-4fb4-8ed1-2a81a7ae59ae','10b6b768-3c4b-4e5b-ae7e-3d2bb7c92799');
INSERT OR REPLACE INTO "card_labels" ("id","card_id","name","color") VALUES ('7a3733cc-c3b8-4534-8152-38141186b99d','f7675bfe-c5d5-4703-b6c3-4cb9005fea51','Needs Review','#f97316');
INSERT OR REPLACE INTO "card_labels" ("id","card_id","name","color") VALUES ('0ca563cf-a7d2-4027-b474-8692b4ec514a','f7675bfe-c5d5-4703-b6c3-4cb9005fea51','test','#ef4444');
INSERT OR REPLACE INTO "card_labels" ("id","card_id","name","color") VALUES ('307d6324-96e7-484a-a3f6-34e363b974d3','95705852-2501-4f11-ac5e-e23383d6db03','Inbound','#6366f1');
INSERT OR REPLACE INTO "card_labels" ("id","card_id","name","color") VALUES ('c3d0c545-6756-48cb-9a63-d8e22b4f75f7','3c51e964-8194-4edd-8e5d-2bf90ad9cf86','SMB','#3b82f6');
INSERT OR REPLACE INTO "card_labels" ("id","card_id","name","color") VALUES ('cff75b18-64a3-4ce8-a5ba-725905f8b275','c0586d4f-d7d0-407e-bc95-8bb01d26509b','Mid-Market','#8b5cf6');
INSERT OR REPLACE INTO "card_labels" ("id","card_id","name","color") VALUES ('9c21fb7f-6378-4ce9-a388-0e5166f4758d','a14cbf51-1220-4e32-824e-e5cf0e4de64e','Migration','#14b8a6');
INSERT OR REPLACE INTO "card_labels" ("id","card_id","name","color") VALUES ('1c73fd22-1f11-4a86-8489-996d6d53f09c','75fcec58-787f-4882-9aaa-1123181617b0','Enterprise','#ef4444');
INSERT OR REPLACE INTO "card_labels" ("id","card_id","name","color") VALUES ('d0840212-e352-4222-a3b7-b18aea678020','75fcec58-787f-4882-9aaa-1123181617b0','Strategic','#eab308');
INSERT OR REPLACE INTO "card_labels" ("id","card_id","name","color") VALUES ('6c233ee4-8ab8-4b3b-9645-59eb6f6ce6ae','9c52e400-dd54-4fc2-92f3-7c375a7550fa','FinTech','#6366f1');
INSERT OR REPLACE INTO "card_labels" ("id","card_id","name","color") VALUES ('ac4f1123-ece5-4c5f-a2dd-06f124e2ecb2','9c52e400-dd54-4fc2-92f3-7c375a7550fa','Compliance','#f97316');
INSERT OR REPLACE INTO "card_labels" ("id","card_id","name","color") VALUES ('9cd386f2-58da-4078-98d2-22b831ec42a6','b4fc154b-614e-41d3-9975-2baa2faa6854','Closed Won','#22c55e');
INSERT OR REPLACE INTO "card_labels" ("id","card_id","name","color") VALUES ('08509477-fcfd-4a52-a3b1-8f10cca3485c','8d8620ca-3f8b-454e-9f32-f13873ca599d','Renewal','#14b8a6');
INSERT OR REPLACE INTO "card_labels" ("id","card_id","name","color") VALUES ('b0fb2a8d-e8dc-4b3e-9d73-cd2527f22703','42259424-80db-4f2c-adae-0069ba818635','Lost','#ef4444');
INSERT OR REPLACE INTO "card_labels" ("id","card_id","name","color") VALUES ('3c06c8a7-8a84-465b-9f9c-f21fe060bc97','42259424-80db-4f2c-adae-0069ba818635','Price Sensitivity','#94a3b8');
INSERT OR REPLACE INTO "card_labels" ("id","card_id","name","color") VALUES ('02baf9c8-b266-4356-9c35-ab1116f34369','403ae569-6599-4d56-b435-286d367402bd','Incoming','#6366f1');
INSERT OR REPLACE INTO "card_labels" ("id","card_id","name","color") VALUES ('2fd25aff-4a1e-4fa5-a513-adc14ef40d8c','1b622fdf-2094-421f-837d-209543aef763','Incoming','#6366f1');
INSERT OR REPLACE INTO "card_labels" ("id","card_id","name","color") VALUES ('5e28c489-9766-4321-9f02-bad3eef9f7a0','027b3de8-9939-44c9-857f-8e1570baa43c','Onboarding','#3b82f6');
INSERT OR REPLACE INTO "card_labels" ("id","card_id","name","color") VALUES ('f22e16c2-ef5b-46c9-9398-ae3dbacbf24e','19b4eb07-60eb-4135-afc8-79bc272680f3','Migration','#14b8a6');
INSERT OR REPLACE INTO "card_labels" ("id","card_id","name","color") VALUES ('5bafc9d0-fd6e-4e97-b7e7-1d08d0a20424','15108389-2cb8-46a8-a690-855f825c0f82','In Review','#f97316');
INSERT OR REPLACE INTO "card_labels" ("id","card_id","name","color") VALUES ('e432fc55-a10b-4de1-9c7e-2d662f8800da','7931bb73-d12b-44a9-ad8c-039b88b9b889','In Review','#f97316');
INSERT OR REPLACE INTO "card_labels" ("id","card_id","name","color") VALUES ('d2eb33fa-8ac7-4cb8-bf90-94c8743f8a20','7931bb73-d12b-44a9-ad8c-039b88b9b889','API','#8b5cf6');
INSERT OR REPLACE INTO "card_labels" ("id","card_id","name","color") VALUES ('88d0c85c-f3bd-432e-97e7-ff5528d9a8bf','6fd3a210-b83a-433f-8d68-a6a5331779d2','Delivered','#22c55e');
INSERT OR REPLACE INTO "card_labels" ("id","card_id","name","color") VALUES ('98873187-246d-4012-b5ba-45f65a1480b3','8fa684b9-1fb1-4328-b94f-1cd9e7a5cec3','Delivered','#22c55e');
INSERT OR REPLACE INTO "card_labels" ("id","card_id","name","color") VALUES ('8a57a178-7c3c-4a60-a8a1-6d0cb5fec1ba','f7879988-43cb-4fc0-a8fa-5ead4fb704a7','Delivered','#22c55e');
INSERT OR REPLACE INTO "card_labels" ("id","card_id","name","color") VALUES ('03fef08f-34c5-42f1-938d-d50428d80cb2','ad8f962d-bf27-44e8-9908-fb1b0003852c','Invoiced','#94a3b8');
INSERT OR REPLACE INTO "card_labels" ("id","card_id","name","color") VALUES ('020efaaf-6432-44c9-ba78-e7925f8863ba','1f37050d-9065-4607-aedd-542859d1bc0f','Feature','#3b82f6');
INSERT OR REPLACE INTO "card_labels" ("id","card_id","name","color") VALUES ('85038a66-d4b0-4f96-a15a-a5a5c86f732e','7ad5f047-3345-40e4-9b65-5904fdcefec1','Feature','#3b82f6');
INSERT OR REPLACE INTO "card_labels" ("id","card_id","name","color") VALUES ('61b6f8a6-3aef-46d1-a781-9004e60c0a41','68c967d5-fbac-42bc-9ecd-c1d5faf68e06','Bug','#ef4444');
INSERT OR REPLACE INTO "card_labels" ("id","card_id","name","color") VALUES ('1fd4401f-85a0-4f13-9c7d-ab58de9ac925','23153848-7cef-4aec-9f06-404e9470a437','Feature','#3b82f6');
INSERT OR REPLACE INTO "card_labels" ("id","card_id","name","color") VALUES ('1f6b491f-8b14-49b0-9905-3f9cf6a87b4e','23153848-7cef-4aec-9f06-404e9470a437','Q2','#eab308');
INSERT OR REPLACE INTO "card_labels" ("id","card_id","name","color") VALUES ('7c8157a7-b66e-4dac-afab-f5200d309e24','6ff60ed2-b28f-4daa-ba61-4256e9e1f3fe','Enhancement','#8b5cf6');
INSERT OR REPLACE INTO "card_labels" ("id","card_id","name","color") VALUES ('d39335f7-f0fb-4f27-bce4-9e7337a9b777','d2ea742c-462f-4343-9261-fffa512155e7','Feature','#3b82f6');
INSERT OR REPLACE INTO "card_labels" ("id","card_id","name","color") VALUES ('21a2929e-e94c-4db5-8ea9-36444f6d2262','1f14fdd9-94e9-4cfd-83d9-83e694c093eb','Feature','#3b82f6');
INSERT OR REPLACE INTO "card_labels" ("id","card_id","name","color") VALUES ('4fd17715-5b9b-4bf8-bb3a-52d6c0b74b44','1f14fdd9-94e9-4cfd-83d9-83e694c093eb','Done','#22c55e');
INSERT OR REPLACE INTO "card_labels" ("id","card_id","name","color") VALUES ('fef0a566-7eb5-4b24-a979-bcedbabae320','8702963e-04df-4ce8-8d75-1952739a87cb','Enhancement','#8b5cf6');
INSERT OR REPLACE INTO "card_labels" ("id","card_id","name","color") VALUES ('4149add3-92a4-4d75-ba9b-edb3e48c990d','8702963e-04df-4ce8-8d75-1952739a87cb','Done','#22c55e');
INSERT OR REPLACE INTO "card_labels" ("id","card_id","name","color") VALUES ('6bfcbdfd-0b03-4c87-afda-8cc4ffaad82f','9a02485c-0e2c-4fb4-8ed1-2a81a7ae59ae','Feature','#3b82f6');
INSERT OR REPLACE INTO "card_labels" ("id","card_id","name","color") VALUES ('fd209658-ba27-48e1-95b9-4d03679c21e5','9a02485c-0e2c-4fb4-8ed1-2a81a7ae59ae','Done','#22c55e');
INSERT OR REPLACE INTO "card_labels" ("id","card_id","name","color") VALUES ('1cc2baf0-89ff-4926-84f3-e07ef65680d7','815fdcb1-0528-40f7-be9b-6e23c5f2eb7e','Done','#22c55e');
INSERT OR REPLACE INTO "card_labels" ("id","card_id","name","color") VALUES ('e3e8f34a-fdbb-431d-a7d8-a2efe304f6fe','cda5a7fb-224e-4011-b383-102d0df978fc','Enterprise','#ef4444');
INSERT OR REPLACE INTO "card_labels" ("id","card_id","name","color") VALUES ('222bc2e3-2611-4e3b-9fb7-2c3220fbedd8','cda5a7fb-224e-4011-b383-102d0df978fc','Legal Review','#f97316');
INSERT OR REPLACE INTO "card_labels" ("id","card_id","name","color") VALUES ('8dc5f9b6-e1cf-4c52-a447-a54cee5f4189','cda5a7fb-224e-4011-b383-102d0df978fc','URGENT','#22c55e');
INSERT OR REPLACE INTO "cards" ("id","column_id","board_id","title","description","priority","position","due_date","created_by","created_at","updated_at","archived_at","cover_image") VALUES ('f7675bfe-c5d5-4703-b6c3-4cb9005fea51','5563207c-1a98-4f37-9c18-6f0dca23a110','8a97bc0e-5941-424c-a5fc-c6e3b71076f0','test','','none',0,'2026-05-20','575c1ffb-58ee-4b94-b745-184ad1a1964a','2026-05-14 12:09:15','2026-05-15 04:54:13',NULL,NULL);
INSERT OR REPLACE INTO "cards" ("id","column_id","board_id","title","description","priority","position","due_date","created_by","created_at","updated_at","archived_at","cover_image") VALUES ('95705852-2501-4f11-ac5e-e23383d6db03','b6b3da54-b5d8-4315-a830-d00810e9d02e','466695e0-0526-4c82-b2ef-fff23ec5c831','DataFlow Systems — Initial Contact','Reached out via LinkedIn. Interested in data pipeline tooling.','urgent',1,'2026-05-16','bdf76427-6922-4fbe-95d5-54f5239bf4bb','2026-05-14 05:25:34','2026-05-18 05:27:53',NULL,NULL);
INSERT OR REPLACE INTO "cards" ("id","column_id","board_id","title","description","priority","position","due_date","created_by","created_at","updated_at","archived_at","cover_image") VALUES ('3c51e964-8194-4edd-8e5d-2bf90ad9cf86','108c9420-e7a3-4439-8446-470ab63d0da3','466695e0-0526-4c82-b2ef-fff23ec5c831','TechStart Inc — Starter Plan','12-person startup, budget confirmed at $800/mo. Decision maker: CTO Rohan.','high',0,'2026-05-19','bdf76427-6922-4fbe-95d5-54f5239bf4bb','2026-05-10 05:25:34','2026-05-18 05:27:53',NULL,NULL);
INSERT OR REPLACE INTO "cards" ("id","column_id","board_id","title","description","priority","position","due_date","created_by","created_at","updated_at","archived_at","cover_image") VALUES ('c0586d4f-d7d0-407e-bc95-8bb01d26509b','b6b3da54-b5d8-4315-a830-d00810e9d02e','466695e0-0526-4c82-b2ef-fff23ec5c831','Nexus Analytics — Data Team','Analytics team of 25. Strong interest in automation rules + cross-board handoffs.','high',2,'2026-05-18','6c377056-468d-4c3b-b418-8243244ee770','2026-05-12 05:25:34','2026-05-18 05:27:53',NULL,NULL);
INSERT OR REPLACE INTO "cards" ("id","column_id","board_id","title","description","priority","position","due_date","created_by","created_at","updated_at","archived_at","cover_image") VALUES ('cda5a7fb-224e-4011-b383-102d0df978fc','3ec57d2b-5bac-4153-a329-231fb89575dc','466695e0-0526-4c82-b2ef-fff23ec5c831','GlobalRetail — Custom Contract','Retail chain, 200 seats. Custom SLA required. Legal review in progress.','urgent',0,'2026-05-16','6c377056-468d-4c3b-b418-8243244ee770','2026-05-08 05:25:34','2026-05-18 05:27:53',NULL,NULL);
INSERT OR REPLACE INTO "cards" ("id","column_id","board_id","title","description","priority","position","due_date","created_by","created_at","updated_at","archived_at","cover_image") VALUES ('a14cbf51-1220-4e32-824e-e5cf0e4de64e','3ec57d2b-5bac-4153-a329-231fb89575dc','466695e0-0526-4c82-b2ef-fff23ec5c831','CloudFirst — Migration Package','Moving from Jira. 80 seats. Want to import existing boards.','high',1,'2026-05-18','6c377056-468d-4c3b-b418-8243244ee770','2026-05-09 05:25:34','2026-05-18 05:27:53',NULL,NULL);
INSERT OR REPLACE INTO "cards" ("id","column_id","board_id","title","description","priority","position","due_date","created_by","created_at","updated_at","archived_at","cover_image") VALUES ('75fcec58-787f-4882-9aaa-1123181617b0','1386318c-541d-479b-b375-2cc89453d319','466695e0-0526-4c82-b2ef-fff23ec5c831','Acme Corp — Enterprise License','500-seat deal. Negotiating annual vs monthly. Procurement involved.','high',0,'2026-05-20','6c377056-468d-4c3b-b418-8243244ee770','2026-05-05 05:25:34','2026-05-18 05:27:53',NULL,NULL);
INSERT OR REPLACE INTO "cards" ("id","column_id","board_id","title","description","priority","position","due_date","created_by","created_at","updated_at","archived_at","cover_image") VALUES ('9c52e400-dd54-4fc2-92f3-7c375a7550fa','1386318c-541d-479b-b375-2cc89453d319','466695e0-0526-4c82-b2ef-fff23ec5c831','FinanceHub — Compliance Suite','FinTech client, strict compliance requirements. SOC 2 certification needed.','urgent',1,'2026-05-17','6c377056-468d-4c3b-b418-8243244ee770','2026-05-07 05:25:34','2026-05-18 05:27:53',NULL,NULL);
INSERT OR REPLACE INTO "cards" ("id","column_id","board_id","title","description","priority","position","due_date","created_by","created_at","updated_at","archived_at","cover_image") VALUES ('b4fc154b-614e-41d3-9975-2baa2faa6854','d70bcc62-0c13-4d21-9dab-b13e58586d5d','466695e0-0526-4c82-b2ef-fff23ec5c831','NovaTech — SMB Package','Closed! 25 seats, annual plan. Handoff to ops for onboarding.','high',0,NULL,'6c377056-468d-4c3b-b418-8243244ee770','2026-05-03 05:25:34','2026-05-18 05:27:53',NULL,NULL);
INSERT OR REPLACE INTO "cards" ("id","column_id","board_id","title","description","priority","position","due_date","created_by","created_at","updated_at","archived_at","cover_image") VALUES ('8d8620ca-3f8b-454e-9f32-f13873ca599d','d70bcc62-0c13-4d21-9dab-b13e58586d5d','466695e0-0526-4c82-b2ef-fff23ec5c831','RetailBrand — Annual Renewal','Existing customer renewal. 3-year deal signed.','high',1,NULL,'bdf76427-6922-4fbe-95d5-54f5239bf4bb','2026-04-30 05:25:34','2026-05-18 05:27:53',NULL,NULL);
INSERT OR REPLACE INTO "cards" ("id","column_id","board_id","title","description","priority","position","due_date","created_by","created_at","updated_at","archived_at","cover_image") VALUES ('42259424-80db-4f2c-adae-0069ba818635','a080c925-0ae9-4636-b5d5-405f535710d2','466695e0-0526-4c82-b2ef-fff23ec5c831','OldCo — Legacy Migration','Lost to competitor on pricing. They went with cheaper option.','high',0,NULL,'bdf76427-6922-4fbe-95d5-54f5239bf4bb','2026-04-25 05:25:34','2026-05-18 05:27:53',NULL,NULL);
INSERT OR REPLACE INTO "cards" ("id","column_id","board_id","title","description","priority","position","due_date","created_by","created_at","updated_at","archived_at","cover_image") VALUES ('403ae569-6599-4d56-b435-286d367402bd','d9e1ee2e-b44a-4224-9b36-36f8308c69e9','c8748a2d-fc62-4313-9b29-7d59ce48a56b','TechStart Inc — Onboarding Setup','New customer from sales handoff. Set up workspace, import team members, configure roles.','high',0,'2026-05-20','10b6b768-3c4b-4e5b-ae7e-3d2bb7c92799','2026-05-14 05:25:34','2026-05-18 05:27:53',NULL,NULL);
INSERT OR REPLACE INTO "cards" ("id","column_id","board_id","title","description","priority","position","due_date","created_by","created_at","updated_at","archived_at","cover_image") VALUES ('1b622fdf-2094-421f-837d-209543aef763','d9e1ee2e-b44a-4224-9b36-36f8308c69e9','c8748a2d-fc62-4313-9b29-7d59ce48a56b','HealthPlus Corp — Order #1052','Compliance reporting package. Custom data export config required.','low',1,'2026-05-22','10b6b768-3c4b-4e5b-ae7e-3d2bb7c92799','2026-05-15 05:25:34','2026-05-15 05:25:34',NULL,NULL);
INSERT OR REPLACE INTO "cards" ("id","column_id","board_id","title","description","priority","position","due_date","created_by","created_at","updated_at","archived_at","cover_image") VALUES ('027b3de8-9939-44c9-857f-8e1570baa43c','e2d6b9de-b2af-46cd-b5ec-cd8f43f477bc','c8748a2d-fc62-4313-9b29-7d59ce48a56b','NovaTech — SMB Onboarding','Setting up 25 user accounts. Migrating their existing Trello boards.','high',0,'2026-05-19','10b6b768-3c4b-4e5b-ae7e-3d2bb7c92799','2026-05-12 05:25:34','2026-05-18 05:27:53',NULL,NULL);
INSERT OR REPLACE INTO "cards" ("id","column_id","board_id","title","description","priority","position","due_date","created_by","created_at","updated_at","archived_at","cover_image") VALUES ('19b4eb07-60eb-4135-afc8-79bc272680f3','e2d6b9de-b2af-46cd-b5ec-cd8f43f477bc','c8748a2d-fc62-4313-9b29-7d59ce48a56b','CloudFirst — Data Import','80-user migration from Jira. Custom field mapping in progress.','high',1,'2026-05-18','10b6b768-3c4b-4e5b-ae7e-3d2bb7c92799','2026-05-11 05:25:34','2026-05-15 05:25:50',NULL,NULL);
INSERT OR REPLACE INTO "cards" ("id","column_id","board_id","title","description","priority","position","due_date","created_by","created_at","updated_at","archived_at","cover_image") VALUES ('15108389-2cb8-46a8-a690-855f825c0f82','af51201d-f1fe-475c-975c-c3bdc148948a','c8748a2d-fc62-4313-9b29-7d59ce48a56b','RetailCo — Order #1047','Retail chain configuration. QA checking permission setup and workflow automation.','urgent',0,'2026-05-16','10b6b768-3c4b-4e5b-ae7e-3d2bb7c92799','2026-05-10 05:25:34','2026-05-18 05:27:53',NULL,NULL);
INSERT OR REPLACE INTO "cards" ("id","column_id","board_id","title","description","priority","position","due_date","created_by","created_at","updated_at","archived_at","cover_image") VALUES ('7931bb73-d12b-44a9-ad8c-039b88b9b889','af51201d-f1fe-475c-975c-c3bdc148948a','c8748a2d-fc62-4313-9b29-7d59ce48a56b','DataSystems — Order #1048','API integration setup. Testing webhook endpoints and rate limits.','urgent',1,'2026-05-15','10b6b768-3c4b-4e5b-ae7e-3d2bb7c92799','2026-05-12 05:25:34','2026-05-18 05:27:53',NULL,NULL);
INSERT OR REPLACE INTO "cards" ("id","column_id","board_id","title","description","priority","position","due_date","created_by","created_at","updated_at","archived_at","cover_image") VALUES ('6fd3a210-b83a-433f-8d68-a6a5331779d2','02d39773-0eab-4eca-afcf-9493313cf8ea','c8748a2d-fc62-4313-9b29-7d59ce48a56b','Nexus Analytics — Delivery Pack','All setup verified. Sending welcome kit and training materials.','high',0,NULL,'10b6b768-3c4b-4e5b-ae7e-3d2bb7c92799','2026-05-08 05:25:34','2026-05-15 05:25:50',NULL,NULL);
INSERT OR REPLACE INTO "cards" ("id","column_id","board_id","title","description","priority","position","due_date","created_by","created_at","updated_at","archived_at","cover_image") VALUES ('8fa684b9-1fb1-4328-b94f-1cd9e7a5cec3','e118fa18-5c1f-407d-b984-a012ef8cd2c6','c8748a2d-fc62-4313-9b29-7d59ce48a56b','HealthPlus — Order #1046','Delivered on time. Customer confirmed receipt.','high',0,NULL,'10b6b768-3c4b-4e5b-ae7e-3d2bb7c92799','2026-05-05 05:25:34','2026-05-15 05:25:50',NULL,NULL);
INSERT OR REPLACE INTO "cards" ("id","column_id","board_id","title","description","priority","position","due_date","created_by","created_at","updated_at","archived_at","cover_image") VALUES ('f7879988-43cb-4fc0-a8fa-5ead4fb704a7','e118fa18-5c1f-407d-b984-a012ef8cd2c6','c8748a2d-fc62-4313-9b29-7d59ce48a56b','RetailBrand — Renewal Onboarding','3-year renewal. Upgraded their plan, migrated to new tier.','high',1,NULL,'10b6b768-3c4b-4e5b-ae7e-3d2bb7c92799','2026-05-01 05:25:34','2026-05-15 05:25:50',NULL,NULL);
INSERT OR REPLACE INTO "cards" ("id","column_id","board_id","title","description","priority","position","due_date","created_by","created_at","updated_at","archived_at","cover_image") VALUES ('ad8f962d-bf27-44e8-9908-fb1b0003852c','9f66e5b4-a18d-489e-9d93-4154d54df5ea','c8748a2d-fc62-4313-9b29-7d59ce48a56b','NovaTech — Invoice #INV-0041','Annual plan invoice sent. Net-30 terms.','high',0,NULL,'10b6b768-3c4b-4e5b-ae7e-3d2bb7c92799','2026-04-30 05:25:34','2026-05-15 05:25:50',NULL,NULL);
INSERT OR REPLACE INTO "cards" ("id","column_id","board_id","title","description","priority","position","due_date","created_by","created_at","updated_at","archived_at","cover_image") VALUES ('1f37050d-9065-4607-aedd-542859d1bc0f','3841763c-949a-4f49-8272-37c8f8bd6a0f','40a9b949-a371-4dcd-819f-4c14da9f41ed','Add CSV export for card data','Users want to export their boards to CSV for reporting.','medium',0,NULL,'884cbad3-dd35-4985-a68e-26addfabc134','2026-05-10 05:25:34','2026-05-10 05:25:34',NULL,NULL);
INSERT OR REPLACE INTO "cards" ("id","column_id","board_id","title","description","priority","position","due_date","created_by","created_at","updated_at","archived_at","cover_image") VALUES ('7ad5f047-3345-40e4-9b65-5904fdcefec1','3841763c-949a-4f49-8272-37c8f8bd6a0f','40a9b949-a371-4dcd-819f-4c14da9f41ed','Email digest for notifications','Daily/weekly email summary of unread notifications.','low',4,NULL,'884cbad3-dd35-4985-a68e-26addfabc134','2026-05-12 05:25:34','2026-05-12 05:25:34',NULL,NULL);
INSERT OR REPLACE INTO "cards" ("id","column_id","board_id","title","description","priority","position","due_date","created_by","created_at","updated_at","archived_at","cover_image") VALUES ('68c967d5-fbac-42bc-9ecd-c1d5faf68e06','f7db7afc-4996-430f-b567-23006f2c4956','40a9b949-a371-4dcd-819f-4c14da9f41ed','Fix: drag-and-drop jitter on Safari','Cards jump on Safari iOS when dragging. Affects mobile users.','high',0,'2026-05-18','884cbad3-dd35-4985-a68e-26addfabc134','2026-05-13 05:25:34','2026-05-13 05:25:34',NULL,NULL);
INSERT OR REPLACE INTO "cards" ("id","column_id","board_id","title","description","priority","position","due_date","created_by","created_at","updated_at","archived_at","cover_image") VALUES ('23153848-7cef-4aec-9f06-404e9470a437','3841763c-949a-4f49-8272-37c8f8bd6a0f','40a9b949-a371-4dcd-819f-4c14da9f41ed','Board templates','Pre-built templates: Sales CRM, Sprint, Hiring Pipeline, etc.','low',5,NULL,'6c377056-468d-4c3b-b418-8243244ee770','2026-05-08 05:25:34','2026-05-08 05:25:34',NULL,NULL);
INSERT OR REPLACE INTO "cards" ("id","column_id","board_id","title","description","priority","position","due_date","created_by","created_at","updated_at","archived_at","cover_image") VALUES ('6ff60ed2-b28f-4daa-ba61-4256e9e1f3fe','e6e5f913-24d4-4816-8fd6-60e3753660cd','40a9b949-a371-4dcd-819f-4c14da9f41ed','Mobile responsive layout','Board and card views need to work on phones. Design in Figma done.','high',0,'2026-05-20','884cbad3-dd35-4985-a68e-26addfabc134','2026-05-11 05:25:34','2026-05-11 05:25:34',NULL,NULL);
INSERT OR REPLACE INTO "cards" ("id","column_id","board_id","title","description","priority","position","due_date","created_by","created_at","updated_at","archived_at","cover_image") VALUES ('d2ea742c-462f-4343-9261-fffa512155e7','3841763c-949a-4f49-8272-37c8f8bd6a0f','40a9b949-a371-4dcd-819f-4c14da9f41ed','Search across all cards','Global search bar to find cards by title, description, or label.','medium',1,'2026-05-22','884cbad3-dd35-4985-a68e-26addfabc134','2026-05-12 05:25:34','2026-05-12 05:25:34',NULL,NULL);
INSERT OR REPLACE INTO "cards" ("id","column_id","board_id","title","description","priority","position","due_date","created_by","created_at","updated_at","archived_at","cover_image") VALUES ('1f14fdd9-94e9-4cfd-83d9-83e694c093eb','f7db7afc-4996-430f-b567-23006f2c4956','40a9b949-a371-4dcd-819f-4c14da9f41ed','Notification system — backend','Mention, assignment, and card-move triggers. DB schema + API routes.','none',1,NULL,'884cbad3-dd35-4985-a68e-26addfabc134','2026-05-09 05:25:34','2026-05-09 05:25:34',NULL,NULL);
INSERT OR REPLACE INTO "cards" ("id","column_id","board_id","title","description","priority","position","due_date","created_by","created_at","updated_at","archived_at","cover_image") VALUES ('8702963e-04df-4ce8-8d75-1952739a87cb','390f4cd1-e647-4d7f-b885-02c8a1238ab2','40a9b949-a371-4dcd-819f-4c14da9f41ed','Dark mode support','Light/dark toggle with smooth transitions. Persists to localStorage.','none',1,NULL,'884cbad3-dd35-4985-a68e-26addfabc134','2026-05-07 05:25:34','2026-05-07 05:25:34',NULL,NULL);
INSERT OR REPLACE INTO "cards" ("id","column_id","board_id","title","description","priority","position","due_date","created_by","created_at","updated_at","archived_at","cover_image") VALUES ('9a02485c-0e2c-4fb4-8ed1-2a81a7ae59ae','390f4cd1-e647-4d7f-b885-02c8a1238ab2','40a9b949-a371-4dcd-819f-4c14da9f41ed','Automation rules engine','Tier-1 automation: triggers, actions, scheduled runs. Sales + Ops rules seeded.','none',2,NULL,'884cbad3-dd35-4985-a68e-26addfabc134','2026-05-01 05:25:34','2026-05-01 05:25:34',NULL,NULL);
INSERT OR REPLACE INTO "cards" ("id","column_id","board_id","title","description","priority","position","due_date","created_by","created_at","updated_at","archived_at","cover_image") VALUES ('815fdcb1-0528-40f7-be9b-6e23c5f2eb7e','390f4cd1-e647-4d7f-b885-02c8a1238ab2','40a9b949-a371-4dcd-819f-4c14da9f41ed','JWT auth + user registration','bcryptjs password hashing, JWT tokens, protected routes.','none',3,NULL,'884cbad3-dd35-4985-a68e-26addfabc134','2026-04-25 05:25:34','2026-04-25 05:25:34',NULL,NULL);
INSERT OR REPLACE INTO "cards" ("id","column_id","board_id","title","description","priority","position","due_date","created_by","created_at","updated_at","archived_at","cover_image") VALUES ('9c56e862-3e48-4294-883c-78b7824c6857','108c9420-e7a3-4439-8446-470ab63d0da3','466695e0-0526-4c82-b2ef-fff23ec5c831','HealthPlus Corp — Referral','','none',1,NULL,'6c377056-468d-4c3b-b418-8243244ee770','2026-05-15 10:20:04','2026-05-15 10:21:19',NULL,NULL);
INSERT OR REPLACE INTO "columns" ("id","board_id","title","color","position","wip_limit") VALUES ('5563207c-1a98-4f37-9c18-6f0dca23a110','8a97bc0e-5941-424c-a5fc-c6e3b71076f0','To Do','#94a3b8',0,0);
INSERT OR REPLACE INTO "columns" ("id","board_id","title","color","position","wip_limit") VALUES ('7edd7475-aecd-4108-b162-1e7c3dc404c7','8a97bc0e-5941-424c-a5fc-c6e3b71076f0','In Progress','#3b82f6',1,0);
INSERT OR REPLACE INTO "columns" ("id","board_id","title","color","position","wip_limit") VALUES ('2985e301-0b8a-4279-84f9-d1adc4b52b84','8a97bc0e-5941-424c-a5fc-c6e3b71076f0','In Review','#f97316',2,0);
INSERT OR REPLACE INTO "columns" ("id","board_id","title","color","position","wip_limit") VALUES ('e19095cf-85c5-4a17-a6c7-437f51a9377a','8a97bc0e-5941-424c-a5fc-c6e3b71076f0','Done','#22c55e',3,0);
INSERT OR REPLACE INTO "columns" ("id","board_id","title","color","position","wip_limit") VALUES ('108c9420-e7a3-4439-8446-470ab63d0da3','466695e0-0526-4c82-b2ef-fff23ec5c831','New Lead','#94a3b8',0,0);
INSERT OR REPLACE INTO "columns" ("id","board_id","title","color","position","wip_limit") VALUES ('b6b3da54-b5d8-4315-a830-d00810e9d02e','466695e0-0526-4c82-b2ef-fff23ec5c831','Qualified','#3b82f6',1,0);
INSERT OR REPLACE INTO "columns" ("id","board_id","title","color","position","wip_limit") VALUES ('3ec57d2b-5bac-4153-a329-231fb89575dc','466695e0-0526-4c82-b2ef-fff23ec5c831','Proposal Sent','#8b5cf6',2,0);
INSERT OR REPLACE INTO "columns" ("id","board_id","title","color","position","wip_limit") VALUES ('1386318c-541d-479b-b375-2cc89453d319','466695e0-0526-4c82-b2ef-fff23ec5c831','Negotiation','#f97316',3,0);
INSERT OR REPLACE INTO "columns" ("id","board_id","title","color","position","wip_limit") VALUES ('d70bcc62-0c13-4d21-9dab-b13e58586d5d','466695e0-0526-4c82-b2ef-fff23ec5c831','Won','#22c55e',4,0);
INSERT OR REPLACE INTO "columns" ("id","board_id","title","color","position","wip_limit") VALUES ('a080c925-0ae9-4636-b5d5-405f535710d2','466695e0-0526-4c82-b2ef-fff23ec5c831','Lost','#ef4444',5,0);
INSERT OR REPLACE INTO "columns" ("id","board_id","title","color","position","wip_limit") VALUES ('d9e1ee2e-b44a-4224-9b36-36f8308c69e9','c8748a2d-fc62-4313-9b29-7d59ce48a56b','New Order','#6366f1',0,0);
INSERT OR REPLACE INTO "columns" ("id","board_id","title","color","position","wip_limit") VALUES ('e2d6b9de-b2af-46cd-b5ec-cd8f43f477bc','c8748a2d-fc62-4313-9b29-7d59ce48a56b','In Progress','#3b82f6',1,0);
INSERT OR REPLACE INTO "columns" ("id","board_id","title","color","position","wip_limit") VALUES ('af51201d-f1fe-475c-975c-c3bdc148948a','c8748a2d-fc62-4313-9b29-7d59ce48a56b','QA / Review','#f97316',2,0);
INSERT OR REPLACE INTO "columns" ("id","board_id","title","color","position","wip_limit") VALUES ('02d39773-0eab-4eca-afcf-9493313cf8ea','c8748a2d-fc62-4313-9b29-7d59ce48a56b','Ready to Ship','#14b8a6',3,0);
INSERT OR REPLACE INTO "columns" ("id","board_id","title","color","position","wip_limit") VALUES ('e118fa18-5c1f-407d-b984-a012ef8cd2c6','c8748a2d-fc62-4313-9b29-7d59ce48a56b','Delivered','#22c55e',4,0);
INSERT OR REPLACE INTO "columns" ("id","board_id","title","color","position","wip_limit") VALUES ('9f66e5b4-a18d-489e-9d93-4154d54df5ea','c8748a2d-fc62-4313-9b29-7d59ce48a56b','Invoiced','#94a3b8',5,0);
INSERT OR REPLACE INTO "columns" ("id","board_id","title","color","position","wip_limit") VALUES ('3841763c-949a-4f49-8272-37c8f8bd6a0f','40a9b949-a371-4dcd-819f-4c14da9f41ed','Backlog','#94a3b8',0,0);
INSERT OR REPLACE INTO "columns" ("id","board_id","title","color","position","wip_limit") VALUES ('f7db7afc-4996-430f-b567-23006f2c4956','40a9b949-a371-4dcd-819f-4c14da9f41ed','In Progress','#3b82f6',1,0);
INSERT OR REPLACE INTO "columns" ("id","board_id","title","color","position","wip_limit") VALUES ('e6e5f913-24d4-4816-8fd6-60e3753660cd','40a9b949-a371-4dcd-819f-4c14da9f41ed','In Review','#8b5cf6',2,0);
INSERT OR REPLACE INTO "columns" ("id","board_id","title","color","position","wip_limit") VALUES ('390f4cd1-e647-4d7f-b885-02c8a1238ab2','40a9b949-a371-4dcd-819f-4c14da9f41ed','Done','#22c55e',3,0);
INSERT OR REPLACE INTO "columns" ("id","board_id","title","color","position","wip_limit") VALUES ('fb17332a-f622-43c1-bde3-7213e23a248b','466695e0-0526-4c82-b2ef-fff23ec5c831','Test Column','#94a3b8',6,0);
INSERT OR REPLACE INTO "comments" ("id","card_id","user_id","content","created_at") VALUES ('c6010187-a282-4622-8929-bb84b6e75649','95705852-2501-4f11-ac5e-e23383d6db03','bdf76427-6922-4fbe-95d5-54f5239bf4bb','Called them this morning — CTO is interested but needs a demo first.','2026-05-14 05:25:34');
INSERT OR REPLACE INTO "comments" ("id","card_id","user_id","content","created_at") VALUES ('970f01c5-d3e2-4804-af04-c3c032adb6d6','3c51e964-8194-4edd-8e5d-2bf90ad9cf86','6c377056-468d-4c3b-b418-8243244ee770','Had a great discovery call. They need multi-board support — we cover that. @Priya Patel can you prepare the pricing deck?','2026-05-11 05:25:34');
INSERT OR REPLACE INTO "comments" ("id","card_id","user_id","content","created_at") VALUES ('c6a5460f-9f5b-4adb-84f2-72ac63768add','3c51e964-8194-4edd-8e5d-2bf90ad9cf86','bdf76427-6922-4fbe-95d5-54f5239bf4bb','On it! Will send it over by EOD.','2026-05-12 05:25:34');
INSERT OR REPLACE INTO "comments" ("id","card_id","user_id","content","created_at") VALUES ('d911b19f-bd11-4cdc-8237-bcf5d6eefece','cda5a7fb-224e-4011-b383-102d0df978fc','10b6b768-3c4b-4e5b-ae7e-3d2bb7c92799','Legal flagged the SLA clause — needs revision before we can proceed. @Sarah Chen please loop in legal.','2026-05-12 05:25:34');
INSERT OR REPLACE INTO "comments" ("id","card_id","user_id","content","created_at") VALUES ('83cc40d1-816a-4299-bd2a-10aa98ce9fc0','cda5a7fb-224e-4011-b383-102d0df978fc','6c377056-468d-4c3b-b418-8243244ee770','On it. Escalating to legal team today.','2026-05-13 05:25:34');
INSERT OR REPLACE INTO "comments" ("id","card_id","user_id","content","created_at") VALUES ('bda5ab80-53a7-4ad6-8f6f-cc7b575868e7','a14cbf51-1220-4e32-824e-e5cf0e4de64e','6c377056-468d-4c3b-b418-8243244ee770','Sent proposal on Monday. Following up Friday if no response.','2026-05-13 05:25:34');
INSERT OR REPLACE INTO "comments" ("id","card_id","user_id","content","created_at") VALUES ('928c527e-afac-427b-a03b-2375f326f67a','75fcec58-787f-4882-9aaa-1123181617b0','bdf76427-6922-4fbe-95d5-54f5239bf4bb','Procurement wants a 2-year discount. I said 10% max. @Sarah Chen — do we have room to go to 15%?','2026-05-10 05:25:34');
INSERT OR REPLACE INTO "comments" ("id","card_id","user_id","content","created_at") VALUES ('40d31b1b-4723-4b50-b0de-d3b8bcbac184','75fcec58-787f-4882-9aaa-1123181617b0','6c377056-468d-4c3b-b418-8243244ee770','Let me check with finance. Stand by.','2026-05-11 05:25:34');
INSERT OR REPLACE INTO "comments" ("id","card_id","user_id","content","created_at") VALUES ('b46c84f5-035c-4523-a95a-ed6fa6cebbee','75fcec58-787f-4882-9aaa-1123181617b0','6c377056-468d-4c3b-b418-8243244ee770','Finance approved up to 13%. Counter back at 12% and hold.','2026-05-12 05:25:34');
INSERT OR REPLACE INTO "comments" ("id","card_id","user_id","content","created_at") VALUES ('16f29338-8e2d-46ac-a18f-446cf3b409f0','b4fc154b-614e-41d3-9975-2baa2faa6854','6c377056-468d-4c3b-b418-8243244ee770','🎉 Closed! Handed off to ops. Great win for Q1.','2026-05-03 05:25:34');
INSERT OR REPLACE INTO "comments" ("id","card_id","user_id","content","created_at") VALUES ('94fb525e-844c-4ee1-99e9-da9d5a7d6dcd','42259424-80db-4f2c-adae-0069ba818635','bdf76427-6922-4fbe-95d5-54f5239bf4bb','Post-mortem: need a lower-tier plan option to compete in this segment.','2026-04-27 05:25:34');
INSERT OR REPLACE INTO "comments" ("id","card_id","user_id","content","created_at") VALUES ('c2fde694-e59a-4724-894d-d7e1d9ad66c5','403ae569-6599-4d56-b435-286d367402bd','10b6b768-3c4b-4e5b-ae7e-3d2bb7c92799','@Alex Kim this one just came in from sales. Please kick off the onboarding checklist.','2026-05-14 05:25:34');
INSERT OR REPLACE INTO "comments" ("id","card_id","user_id","content","created_at") VALUES ('72ef1cc5-8851-41da-9648-baa9cdd97e25','027b3de8-9939-44c9-857f-8e1570baa43c','884cbad3-dd35-4985-a68e-26addfabc134','Accounts created. Board migration 60% done — need to map their labels.','2026-05-13 05:25:34');
INSERT OR REPLACE INTO "comments" ("id","card_id","user_id","content","created_at") VALUES ('d77fe453-52bf-4db0-b290-0c4795f25234','027b3de8-9939-44c9-857f-8e1570baa43c','10b6b768-3c4b-4e5b-ae7e-3d2bb7c92799','Good progress! @Alex Kim aim to finish migration by Thursday.','2026-05-14 05:25:34');
INSERT OR REPLACE INTO "comments" ("id","card_id","user_id","content","created_at") VALUES ('851e252a-cab5-41d5-98eb-c296bab97ced','19b4eb07-60eb-4135-afc8-79bc272680f3','884cbad3-dd35-4985-a68e-26addfabc134','Field mapping is complex — they have 40+ custom fields. Might need an extra day.','2026-05-13 05:25:34');
INSERT OR REPLACE INTO "comments" ("id","card_id","user_id","content","created_at") VALUES ('df8b23be-c5d2-406a-9f0a-f89d6abfd6d6','15108389-2cb8-46a8-a690-855f825c0f82','884cbad3-dd35-4985-a68e-26addfabc134','Permissions look good. Testing automation rules now.','2026-05-14 05:25:34');
INSERT OR REPLACE INTO "comments" ("id","card_id","user_id","content","created_at") VALUES ('6292f783-9c66-4870-b38d-fc02c96b863a','15108389-2cb8-46a8-a690-855f825c0f82','10b6b768-3c4b-4e5b-ae7e-3d2bb7c92799','If automation passes, clear to ship today.','2026-05-15 05:25:34');
INSERT OR REPLACE INTO "comments" ("id","card_id","user_id","content","created_at") VALUES ('ccd111bd-0440-47cd-a090-2cfea98b7d39','7931bb73-d12b-44a9-ad8c-039b88b9b889','884cbad3-dd35-4985-a68e-26addfabc134','⚠️ Webhooks failing on /cards/move endpoint. Investigating.','2026-05-15 05:25:34');
INSERT OR REPLACE INTO "comments" ("id","card_id","user_id","content","created_at") VALUES ('dd9bbc98-715c-4657-a97f-e04f838ba8c6','8fa684b9-1fb1-4328-b94f-1cd9e7a5cec3','10b6b768-3c4b-4e5b-ae7e-3d2bb7c92799','✅ Customer confirmed setup. Sending feedback survey.','2026-05-06 05:25:34');
INSERT OR REPLACE INTO "comments" ("id","card_id","user_id","content","created_at") VALUES ('fb3d523f-0d2a-41c4-be2d-7f69b2b4e4b9','6ff60ed2-b28f-4daa-ba61-4256e9e1f3fe','884cbad3-dd35-4985-a68e-26addfabc134','Column scroll works now. Card modal still needs work on small screens.','2026-05-13 05:25:34');
INSERT OR REPLACE INTO "comments" ("id","card_id","user_id","content","created_at") VALUES ('72290d74-e9e6-4d97-b940-bb7f8392d534','6ff60ed2-b28f-4daa-ba61-4256e9e1f3fe','10b6b768-3c4b-4e5b-ae7e-3d2bb7c92799','@Alex Kim does this need to work on tablets too or just phones?','2026-05-14 05:25:34');
INSERT OR REPLACE INTO "comments" ("id","card_id","user_id","content","created_at") VALUES ('3453665b-7b88-44a9-914e-4df3bfcd317e','6ff60ed2-b28f-4daa-ba61-4256e9e1f3fe','884cbad3-dd35-4985-a68e-26addfabc134','Both — targeting 375px minimum width.','2026-05-15 05:25:34');
INSERT OR REPLACE INTO "comments" ("id","card_id","user_id","content","created_at") VALUES ('b136a7ac-2cfb-4baa-9e0b-23a8d37a2de6','d2ea742c-462f-4343-9261-fffa512155e7','884cbad3-dd35-4985-a68e-26addfabc134','Backend FTS (full-text search) query working. Frontend UI in progress.','2026-05-14 05:25:34');
INSERT OR REPLACE INTO "comments" ("id","card_id","user_id","content","created_at") VALUES ('a3755b68-af46-4b74-bb60-87db1558c654','1f14fdd9-94e9-4cfd-83d9-83e694c093eb','6c377056-468d-4c3b-b418-8243244ee770','Tested @mentions — working great! Edge cases with partial names fixed.','2026-05-14 05:25:34');
INSERT OR REPLACE INTO "comments" ("id","card_id","user_id","content","created_at") VALUES ('de9e5a51-44d6-4ba8-aaea-e93efe11370b','1f14fdd9-94e9-4cfd-83d9-83e694c093eb','884cbad3-dd35-4985-a68e-26addfabc134','Thanks @Sarah Chen! Will merge after final review.','2026-05-15 05:25:34');
INSERT OR REPLACE INTO "comments" ("id","card_id","user_id","content","created_at") VALUES ('6c3f9a8e-77a8-4746-90df-705275891204','8702963e-04df-4ce8-8d75-1952739a87cb','6c377056-468d-4c3b-b418-8243244ee770','✨ Looks amazing! The transition animation is a nice touch.','2026-05-08 05:25:34');
INSERT OR REPLACE INTO "comments" ("id","card_id","user_id","content","created_at") VALUES ('0ea3cca0-d6c5-449b-8724-1cff4a7622b7','8fa684b9-1fb1-4328-b94f-1cd9e7a5cec3','575c1ffb-58ee-4b94-b745-184ad1a1964a','@Sarah Chen  is it done?','2026-05-15 07:30:25');
INSERT OR REPLACE INTO "comments" ("id","card_id","user_id","content","created_at") VALUES ('14971629-c3c6-43de-a6cf-5223f2152071','8fa684b9-1fb1-4328-b94f-1cd9e7a5cec3','575c1ffb-58ee-4b94-b745-184ad1a1964a','@Sarah Chen check this out','2026-05-15 07:30:38');
INSERT OR REPLACE INTO "comments" ("id","card_id","user_id","content","created_at") VALUES ('ff0d8668-36f6-4cb1-8e77-a5bd3a1f435d','8fa684b9-1fb1-4328-b94f-1cd9e7a5cec3','575c1ffb-58ee-4b94-b745-184ad1a1964a','@Priya Patel','2026-05-15 07:30:46');
INSERT OR REPLACE INTO "comments" ("id","card_id","user_id","content","created_at") VALUES ('a854ef57-1b11-44e1-8389-c613d87b86a3','9c56e862-3e48-4294-883c-78b7824c6857','10b6b768-3c4b-4e5b-ae7e-3d2bb7c92799','Test comment','2026-05-15 10:20:58');
INSERT OR REPLACE INTO "comments" ("id","card_id","user_id","content","created_at") VALUES ('0161193f-fe02-430f-8719-4ab9800194d6','9c56e862-3e48-4294-883c-78b7824c6857','10b6b768-3c4b-4e5b-ae7e-3d2bb7c92799','Test comment','2026-05-15 10:21:19');
INSERT OR REPLACE INTO "notifications" ("id","user_id","type","message","card_id","board_id","is_read","created_at") VALUES ('510a57ba-1231-4676-9b8d-ff9a01eb5da4','6c377056-468d-4c3b-b418-8243244ee770','mention','Priya Patel mentioned you in a comment on "DataFlow Systems — Initial Contact"','95705852-2501-4f11-ac5e-e23383d6db03','466695e0-0526-4c82-b2ef-fff23ec5c831',0,'2026-05-14 05:25:34');
INSERT OR REPLACE INTO "notifications" ("id","user_id","type","message","card_id","board_id","is_read","created_at") VALUES ('4d105350-5649-498b-a737-bbdde6b78f47','bdf76427-6922-4fbe-95d5-54f5239bf4bb','mention','Sarah Chen mentioned you in a comment on "TechStart Inc — Starter Plan"','3c51e964-8194-4edd-8e5d-2bf90ad9cf86','466695e0-0526-4c82-b2ef-fff23ec5c831',0,'2026-05-11 05:25:34');
INSERT OR REPLACE INTO "notifications" ("id","user_id","type","message","card_id","board_id","is_read","created_at") VALUES ('bda0f66b-c65b-48ef-8e45-35ac4b4d03d9','bdf76427-6922-4fbe-95d5-54f5239bf4bb','assigned','Sarah Chen assigned you to "TechStart Inc — Starter Plan"','3c51e964-8194-4edd-8e5d-2bf90ad9cf86','466695e0-0526-4c82-b2ef-fff23ec5c831',0,'2026-05-10 05:25:34');
INSERT OR REPLACE INTO "notifications" ("id","user_id","type","message","card_id","board_id","is_read","created_at") VALUES ('ce8b0089-ea75-4b7e-a647-4cfdc4dcffa3','6c377056-468d-4c3b-b418-8243244ee770','mention','Mike Torres mentioned you in a comment on "GlobalRetail — Custom Contract"','cda5a7fb-224e-4011-b383-102d0df978fc','466695e0-0526-4c82-b2ef-fff23ec5c831',0,'2026-05-12 05:25:34');
INSERT OR REPLACE INTO "notifications" ("id","user_id","type","message","card_id","board_id","is_read","created_at") VALUES ('e5d93b98-0089-4fb6-8d3f-35c757d07e63','6c377056-468d-4c3b-b418-8243244ee770','mention','Priya Patel mentioned you in a comment on "Acme Corp — Enterprise License"','75fcec58-787f-4882-9aaa-1123181617b0','466695e0-0526-4c82-b2ef-fff23ec5c831',0,'2026-05-10 05:25:34');
INSERT OR REPLACE INTO "notifications" ("id","user_id","type","message","card_id","board_id","is_read","created_at") VALUES ('b780a6b5-1ac6-4133-8c07-29492b3acad1','884cbad3-dd35-4985-a68e-26addfabc134','mention','Mike Torres mentioned you in a comment on "TechStart Inc — Onboarding Setup"','403ae569-6599-4d56-b435-286d367402bd','c8748a2d-fc62-4313-9b29-7d59ce48a56b',0,'2026-05-14 05:25:34');
INSERT OR REPLACE INTO "notifications" ("id","user_id","type","message","card_id","board_id","is_read","created_at") VALUES ('6d9cde61-77eb-4fa2-a49f-d7078b534839','884cbad3-dd35-4985-a68e-26addfabc134','assigned','Mike Torres assigned you to "TechStart Inc — Onboarding Setup"','403ae569-6599-4d56-b435-286d367402bd','c8748a2d-fc62-4313-9b29-7d59ce48a56b',0,'2026-05-14 05:25:34');
INSERT OR REPLACE INTO "notifications" ("id","user_id","type","message","card_id","board_id","is_read","created_at") VALUES ('8f44078c-89fa-4e11-b006-601ca347296b','884cbad3-dd35-4985-a68e-26addfabc134','mention','Mike Torres mentioned you in a comment on "NovaTech — SMB Onboarding"','027b3de8-9939-44c9-857f-8e1570baa43c','c8748a2d-fc62-4313-9b29-7d59ce48a56b',0,'2026-05-14 05:25:34');
INSERT OR REPLACE INTO "notifications" ("id","user_id","type","message","card_id","board_id","is_read","created_at") VALUES ('86b9ef54-7850-4896-acc9-00c756c0f26b','884cbad3-dd35-4985-a68e-26addfabc134','card_moved','"CloudFirst — Data Import" was moved to "In Progress"','19b4eb07-60eb-4135-afc8-79bc272680f3','c8748a2d-fc62-4313-9b29-7d59ce48a56b',0,'2026-05-11 05:25:34');
INSERT OR REPLACE INTO "notifications" ("id","user_id","type","message","card_id","board_id","is_read","created_at") VALUES ('f1d0af76-f33c-4c5e-9513-cbc6486a5240','10b6b768-3c4b-4e5b-ae7e-3d2bb7c92799','mention','Alex Kim mentioned you in a comment on "DataSystems — Order #1048"','7931bb73-d12b-44a9-ad8c-039b88b9b889','c8748a2d-fc62-4313-9b29-7d59ce48a56b',0,'2026-05-15 05:25:34');
INSERT OR REPLACE INTO "notifications" ("id","user_id","type","message","card_id","board_id","is_read","created_at") VALUES ('6dc82e02-e674-4656-86d1-88fb08e5edb7','884cbad3-dd35-4985-a68e-26addfabc134','mention','Mike Torres mentioned you in a comment on "Mobile responsive layout"','6ff60ed2-b28f-4daa-ba61-4256e9e1f3fe','40a9b949-a371-4dcd-819f-4c14da9f41ed',0,'2026-05-14 05:25:34');
INSERT OR REPLACE INTO "notifications" ("id","user_id","type","message","card_id","board_id","is_read","created_at") VALUES ('00c93d64-fecb-42b2-bc27-ab44592092cb','6c377056-468d-4c3b-b418-8243244ee770','mention','Ramit mentioned you in a comment on "HealthPlus — Order #1046"','8fa684b9-1fb1-4328-b94f-1cd9e7a5cec3','c8748a2d-fc62-4313-9b29-7d59ce48a56b',0,'2026-05-15 07:30:25');
INSERT OR REPLACE INTO "notifications" ("id","user_id","type","message","card_id","board_id","is_read","created_at") VALUES ('edf1c0c2-29b1-4b55-bdbb-07a1a909d139','6c377056-468d-4c3b-b418-8243244ee770','mention','Ramit mentioned you in a comment on "HealthPlus — Order #1046"','8fa684b9-1fb1-4328-b94f-1cd9e7a5cec3','c8748a2d-fc62-4313-9b29-7d59ce48a56b',0,'2026-05-15 07:30:38');
INSERT OR REPLACE INTO "notifications" ("id","user_id","type","message","card_id","board_id","is_read","created_at") VALUES ('0370fb5c-abad-4507-8d0e-08bfdbaa97d2','bdf76427-6922-4fbe-95d5-54f5239bf4bb','mention','Ramit mentioned you in a comment on "HealthPlus — Order #1046"','8fa684b9-1fb1-4328-b94f-1cd9e7a5cec3','c8748a2d-fc62-4313-9b29-7d59ce48a56b',1,'2026-05-15 07:30:46');
INSERT OR REPLACE INTO "notifications" ("id","user_id","type","message","card_id","board_id","is_read","created_at") VALUES ('c055bb6a-ee42-47aa-9313-616aa4946b03','884cbad3-dd35-4985-a68e-26addfabc134','card_moved','"Notification system — backend" was moved to "Done"','1f14fdd9-94e9-4cfd-83d9-83e694c093eb','40a9b949-a371-4dcd-819f-4c14da9f41ed',0,'2026-05-15 08:43:45');
INSERT OR REPLACE INTO "notifications" ("id","user_id","type","message","card_id","board_id","is_read","created_at") VALUES ('33870d69-b28e-465a-8b1d-6fb6452b658d','884cbad3-dd35-4985-a68e-26addfabc134','card_moved','"Notification system — backend" was moved to "In Review"','1f14fdd9-94e9-4cfd-83d9-83e694c093eb','40a9b949-a371-4dcd-819f-4c14da9f41ed',0,'2026-05-15 08:43:46');
INSERT OR REPLACE INTO "notifications" ("id","user_id","type","message","card_id","board_id","is_read","created_at") VALUES ('e2e4d564-021c-4253-82b7-a690cf79b09a','884cbad3-dd35-4985-a68e-26addfabc134','card_moved','"Notification system — backend" was moved to "In Progress"','1f14fdd9-94e9-4cfd-83d9-83e694c093eb','40a9b949-a371-4dcd-819f-4c14da9f41ed',0,'2026-05-15 08:43:48');
INSERT OR REPLACE INTO "notifications" ("id","user_id","type","message","card_id","board_id","is_read","created_at") VALUES ('c700d78a-1ad0-40f6-a434-36a592a7aed0','10b6b768-3c4b-4e5b-ae7e-3d2bb7c92799','card_moved','"Mobile responsive layout" was moved to "Backlog"','6ff60ed2-b28f-4daa-ba61-4256e9e1f3fe','40a9b949-a371-4dcd-819f-4c14da9f41ed',0,'2026-05-15 08:43:52');
INSERT OR REPLACE INTO "notifications" ("id","user_id","type","message","card_id","board_id","is_read","created_at") VALUES ('68c6cc0c-ff71-446a-b7c5-13fef0d2613b','884cbad3-dd35-4985-a68e-26addfabc134','card_moved','"Mobile responsive layout" was moved to "Backlog"','6ff60ed2-b28f-4daa-ba61-4256e9e1f3fe','40a9b949-a371-4dcd-819f-4c14da9f41ed',0,'2026-05-15 08:43:52');
INSERT OR REPLACE INTO "notifications" ("id","user_id","type","message","card_id","board_id","is_read","created_at") VALUES ('409e191a-7420-4ae3-b33f-1df22c39e4c3','884cbad3-dd35-4985-a68e-26addfabc134','card_moved','"Search across all cards" was moved to "Backlog"','d2ea742c-462f-4343-9261-fffa512155e7','40a9b949-a371-4dcd-819f-4c14da9f41ed',0,'2026-05-15 08:43:58');
INSERT OR REPLACE INTO "notifications" ("id","user_id","type","message","card_id","board_id","is_read","created_at") VALUES ('f4e86054-86ec-45d1-83bf-5ce404b62355','884cbad3-dd35-4985-a68e-26addfabc134','card_moved','"Fix: drag-and-drop jitter on Safari" was moved to "In Progress"','68c967d5-fbac-42bc-9ecd-c1d5faf68e06','40a9b949-a371-4dcd-819f-4c14da9f41ed',0,'2026-05-15 08:44:00');
INSERT OR REPLACE INTO "notifications" ("id","user_id","type","message","card_id","board_id","is_read","created_at") VALUES ('ddcd155d-ae00-4790-9c5d-7acd0b7f4152','10b6b768-3c4b-4e5b-ae7e-3d2bb7c92799','card_moved','"Mobile responsive layout" was moved to "Done"','6ff60ed2-b28f-4daa-ba61-4256e9e1f3fe','40a9b949-a371-4dcd-819f-4c14da9f41ed',0,'2026-05-15 08:44:02');
INSERT OR REPLACE INTO "notifications" ("id","user_id","type","message","card_id","board_id","is_read","created_at") VALUES ('d7dd7d06-6f41-4ae6-b8b1-c695fb4f82f7','884cbad3-dd35-4985-a68e-26addfabc134','card_moved','"Mobile responsive layout" was moved to "Done"','6ff60ed2-b28f-4daa-ba61-4256e9e1f3fe','40a9b949-a371-4dcd-819f-4c14da9f41ed',0,'2026-05-15 08:44:02');
INSERT OR REPLACE INTO "notifications" ("id","user_id","type","message","card_id","board_id","is_read","created_at") VALUES ('6b51f986-6459-40e9-a525-aaf32bc627d2','10b6b768-3c4b-4e5b-ae7e-3d2bb7c92799','card_moved','"Mobile responsive layout" was moved to "In Review"','6ff60ed2-b28f-4daa-ba61-4256e9e1f3fe','40a9b949-a371-4dcd-819f-4c14da9f41ed',0,'2026-05-15 08:44:03');
INSERT OR REPLACE INTO "notifications" ("id","user_id","type","message","card_id","board_id","is_read","created_at") VALUES ('26de1725-2a50-46f8-9caf-98ea284434aa','884cbad3-dd35-4985-a68e-26addfabc134','card_moved','"Mobile responsive layout" was moved to "In Review"','6ff60ed2-b28f-4daa-ba61-4256e9e1f3fe','40a9b949-a371-4dcd-819f-4c14da9f41ed',0,'2026-05-15 08:44:03');
INSERT OR REPLACE INTO "notifications" ("id","user_id","type","message","card_id","board_id","is_read","created_at") VALUES ('210c0de6-651e-4caa-b3f7-88b924247134','6c377056-468d-4c3b-b418-8243244ee770','card_moved','"TechStart Inc — Starter Plan" was moved to "New Lead"','3c51e964-8194-4edd-8e5d-2bf90ad9cf86','466695e0-0526-4c82-b2ef-fff23ec5c831',0,'2026-05-15 08:48:13');
INSERT OR REPLACE INTO "notifications" ("id","user_id","type","message","card_id","board_id","is_read","created_at") VALUES ('8fb30660-5ee9-4e3b-afb5-629643f27b15','10b6b768-3c4b-4e5b-ae7e-3d2bb7c92799','role_changed','Your role on "Sales Pipeline" was changed to manager',NULL,'466695e0-0526-4c82-b2ef-fff23ec5c831',0,'2026-05-15 10:09:52');
INSERT OR REPLACE INTO "notifications" ("id","user_id","type","message","card_id","board_id","is_read","created_at") VALUES ('e0377dcd-433a-4e9e-8169-32ec134c786f','6c377056-468d-4c3b-b418-8243244ee770','card_moved','"HealthPlus Corp — Referral" was moved to "Qualified"','9c56e862-3e48-4294-883c-78b7824c6857','466695e0-0526-4c82-b2ef-fff23ec5c831',0,'2026-05-15 10:10:29');
INSERT OR REPLACE INTO "notifications" ("id","user_id","type","message","card_id","board_id","is_read","created_at") VALUES ('4edca0ec-6fb1-4e97-ab4c-02ab69ef5382','6c377056-468d-4c3b-b418-8243244ee770','card_moved','"HealthPlus Corp — Referral" was moved to "New Lead"','9c56e862-3e48-4294-883c-78b7824c6857','466695e0-0526-4c82-b2ef-fff23ec5c831',0,'2026-05-15 10:10:29');
INSERT OR REPLACE INTO "notifications" ("id","user_id","type","message","card_id","board_id","is_read","created_at") VALUES ('30410202-d01c-4406-b908-c661c6a277ce','10b6b768-3c4b-4e5b-ae7e-3d2bb7c92799','role_changed','Your role on "Sales Pipeline" was changed to member',NULL,'466695e0-0526-4c82-b2ef-fff23ec5c831',0,'2026-05-15 10:10:29');
INSERT OR REPLACE INTO "notifications" ("id","user_id","type","message","card_id","board_id","is_read","created_at") VALUES ('f9dec886-5828-403e-9e08-4d4f78e5a76e','6c377056-468d-4c3b-b418-8243244ee770','card_moved','"HealthPlus Corp — Referral" was moved to "Qualified"','9c56e862-3e48-4294-883c-78b7824c6857','466695e0-0526-4c82-b2ef-fff23ec5c831',0,'2026-05-15 10:10:57');
INSERT OR REPLACE INTO "notifications" ("id","user_id","type","message","card_id","board_id","is_read","created_at") VALUES ('5b89d965-5216-4bf4-a7b9-805e907aaeee','6c377056-468d-4c3b-b418-8243244ee770','card_moved','"HealthPlus Corp — Referral" was moved to "New Lead"','9c56e862-3e48-4294-883c-78b7824c6857','466695e0-0526-4c82-b2ef-fff23ec5c831',0,'2026-05-15 10:10:57');
INSERT OR REPLACE INTO "notifications" ("id","user_id","type","message","card_id","board_id","is_read","created_at") VALUES ('4c26a4c9-f872-4e8d-9fa9-475300991a50','10b6b768-3c4b-4e5b-ae7e-3d2bb7c92799','assigned','Ramit assigned you to "HealthPlus Corp — Referral"','9c56e862-3e48-4294-883c-78b7824c6857','466695e0-0526-4c82-b2ef-fff23ec5c831',0,'2026-05-15 10:21:19');
INSERT OR REPLACE INTO "notifications" ("id","user_id","type","message","card_id","board_id","is_read","created_at") VALUES ('df966a4d-4753-471e-8973-a4bf59e2360a','10b6b768-3c4b-4e5b-ae7e-3d2bb7c92799','card_moved','"HealthPlus Corp — Referral" was moved to "New Lead"','9c56e862-3e48-4294-883c-78b7824c6857','466695e0-0526-4c82-b2ef-fff23ec5c831',0,'2026-05-15 10:21:19');
INSERT OR REPLACE INTO "notifications" ("id","user_id","type","message","card_id","board_id","is_read","created_at") VALUES ('a4efdd04-621f-41eb-86f8-f250239b0477','6c377056-468d-4c3b-b418-8243244ee770','card_moved','"TechStart Inc — Starter Plan" was moved to "Qualified"','3c51e964-8194-4edd-8e5d-2bf90ad9cf86','466695e0-0526-4c82-b2ef-fff23ec5c831',0,'2026-05-15 10:22:40');
INSERT OR REPLACE INTO "notifications" ("id","user_id","type","message","card_id","board_id","is_read","created_at") VALUES ('2988f28f-8a08-4a6d-ab04-99f2f1fd90db','6c377056-468d-4c3b-b418-8243244ee770','card_moved','"TechStart Inc — Starter Plan" was moved to "New Lead"','3c51e964-8194-4edd-8e5d-2bf90ad9cf86','466695e0-0526-4c82-b2ef-fff23ec5c831',0,'2026-05-15 10:22:42');
INSERT OR REPLACE INTO "role_permissions" ("board_id","role","permissions") VALUES ('466695e0-0526-4c82-b2ef-fff23ec5c831','member','{"create_card":true,"edit_card":true,"delete_card":false,"move_card":true,"move_any_card":false,"comment":true,"manage_columns":false,"manage_members":false,"manage_automations":false}');
INSERT OR REPLACE INTO "users" ("id","name","email","password_hash","avatar_color","created_at","google_id","email_verified","verify_token") VALUES ('575c1ffb-58ee-4b94-b745-184ad1a1964a','Ramit','ramit.gupta@edstellar.com','$2a$10$vTNqX1oA2cY8H8bRmBpCKOBZiAJCGdxS29LzTL7sA9uzB3FJJ91f.','#6366f1','2026-05-14 12:08:46','115625039996656622755',0,NULL);
INSERT OR REPLACE INTO "users" ("id","name","email","password_hash","avatar_color","created_at","google_id","email_verified","verify_token") VALUES ('6c377056-468d-4c3b-b418-8243244ee770','Sarah Chen','sarah@demo.com','$2a$10$ogciVUodJFQdffUDSad7ve.IiloHy35NqenerwVOzlPrdssFB8MhS','#6366f1','2026-05-15 05:25:34',NULL,0,NULL);
INSERT OR REPLACE INTO "users" ("id","name","email","password_hash","avatar_color","created_at","google_id","email_verified","verify_token") VALUES ('10b6b768-3c4b-4e5b-ae7e-3d2bb7c92799','Mike Torres','mike@demo.com','$2a$10$hpinGweOezwa/PDVf/SesuxnS7xZcTFtSt3WHnTtN23Oc4oKMZgZu','#22c55e','2026-05-15 05:25:34',NULL,0,NULL);
INSERT OR REPLACE INTO "users" ("id","name","email","password_hash","avatar_color","created_at","google_id","email_verified","verify_token") VALUES ('bdf76427-6922-4fbe-95d5-54f5239bf4bb','Priya Patel','priya@demo.com','$2a$10$FYSqw3x/CXZbEJ6ERTsQd.V1YNF/ribS4pRm192BjetENM1jYBa.m','#f97316','2026-05-15 05:25:34',NULL,0,NULL);
INSERT OR REPLACE INTO "users" ("id","name","email","password_hash","avatar_color","created_at","google_id","email_verified","verify_token") VALUES ('884cbad3-dd35-4985-a68e-26addfabc134','Alex Kim','alex@demo.com','$2a$10$np156OAoZl/PtBJLIvVG.eLzhaia/xisyFDnLS2SHKQFaGvQKgrX2','#3b82f6','2026-05-15 05:25:34',NULL,0,NULL);
COMMIT;
PRAGMA foreign_keys=ON;
